account_id,customer_id,branch_id,account_type,balance,created_at
ACC2001,CUST1956,BR113,Business,24020.23,2021-02-21
ACC2002,CUST1822,BR119,Business,10241.67,2024-01-05
ACC2003,CUST1626,BR102,Savings,22020.62,2016-12-28
ACC2004,CUST1142,BR119,Business,11532.99,2024-01-17
ACC2005,CUST1407,BR106,Business,23216.13,2023-07-07
ACC2006,CUST1892,BR101,Checking,4057.45,2018-08-26
ACC2007,CUST1167,BR102,Checking,41034.59,2016-07-16
ACC2008,CUST1868,BR103,Checking,8140.54,2024-07-12
ACC2009,CUST1361,BR108,Savings,27724.15,2019-04-19
ACC2010,CUST1914,BR119,Business,3304.51,2017-03-09
ACC2011,CUST1717,BR105,Savings,38441.17,2025-01-07
ACC2012,CUST1431,BR107,Business,14650.83,2023-05-04
ACC2013,CUST1435,BR114,Business,6963.6,2015-09-26
ACC2014,CUST1752,BR115,Business,6827.13,2018-10-01
ACC2015,CUST1120,BR106,Checking,28920.18,2020-03-20
ACC2016,CUST1249,BR108,Checking,47113.33,2016-02-26
ACC2017,CUST1203,BR101,Business,46315.0,2021-06-07
ACC2018,CUST1142,BR112,Savings,3708.58,2018-07-25
ACC2019,CUST1304,BR120,Savings,48659.75,2015-05-29
ACC2020,CUST1134,BR114,Business,46570.29,2015-07-21
ACC2021,CUST1351,BR114,Checking,600.05,2019-01-05
ACC2022,CUST1263,BR104,Business,43915.08,2023-03-05
ACC2023,CUST1415,BR118,Checking,10631.35,2017-01-17
ACC2024,CUST1709,BR114,Savings,34637.1,2021-04-01
ACC2025,CUST1303,BR116,Business,20075.13,2022-08-18
ACC2026,CUST1623,BR109,Business,4677.81,2019-10-08
ACC2027,CUST1059,BR105,Business,37048.7,2018-06-20
ACC2028,CUST1489,BR115,Business,39144.24,2016-08-31
ACC2029,CUST1058,BR106,Business,5273.2,2023-12-30
ACC2030,CUST1747,BR102,Savings,41035.1,2024-12-06
ACC2031,CUST1009,BR109,Checking,40488.45,2015-07-12
ACC2032,CUST1157,BR113,Checking,40016.32,2016-10-25
ACC2033,CUST1045,BR120,Checking,23708.49,2020-05-30
ACC2034,CUST1605,BR120,Checking,17770.41,2018-02-13
ACC2035,CUST1244,BR114,Business,782.12,2015-06-03
ACC2036,CUST1399,BR116,Savings,37686.64,2019-11-23
ACC2037,CUST1703,BR117,Business,19550.19,2024-11-19
ACC2038,CUST1449,BR110,Checking,14164.79,2017-01-26
ACC2039,CUST1315,BR104,Checking,12838.27,2015-07-05
ACC2040,CUST1224,BR115,Checking,49699.89,2017-05-06
ACC2041,CUST1345,BR109,Savings,9241.34,2017-11-06
ACC2042,CUST1485,BR120,Savings,4665.2,2021-11-14
ACC2043,CUST1658,BR116,Business,12699.34,2019-12-19
ACC2044,CUST1963,BR114,Business,1941.28,2015-08-10
ACC2045,CUST1933,BR120,Checking,39434.39,2015-04-23
ACC2046,CUST1195,BR109,Checking,38060.23,2024-10-14
ACC2047,CUST1054,BR120,Savings,7025.89,2018-09-13
ACC2048,CUST1153,BR111,Savings,15015.17,2021-10-01
ACC2049,CUST1963,BR119,Business,45454.94,2019-05-26
ACC2050,CUST1340,BR115,Savings,24861.5,2017-01-19
ACC2051,CUST1639,BR109,Checking,4655.57,2022-07-11
ACC2052,CUST1920,BR115,Business,32206.93,2020-11-15
ACC2053,CUST1953,BR114,Business,36932.93,2022-03-31
ACC2054,CUST1359,BR111,Checking,23779.65,2017-12-27
ACC2055,CUST1119,BR115,Business,2656.08,2024-02-14
ACC2056,CUST1925,BR114,Checking,37185.16,2019-09-27
ACC2057,CUST1881,BR114,Business,30354.22,2019-07-22
ACC2058,CUST1777,BR101,Business,19432.78,2017-12-26
ACC2059,CUST1309,BR110,Checking,31708.14,2022-09-19
ACC2060,CUST1025,BR108,Checking,11102.9,2019-09-28
ACC2061,CUST1778,BR116,Business,2119.89,2016-12-25
ACC2062,CUST1886,BR103,Checking,24163.31,2019-01-11
ACC2063,CUST1898,BR118,Business,33502.78,2022-05-12
ACC2064,CUST1104,BR118,Savings,34598.48,2020-04-26
ACC2065,CUST1080,BR110,Checking,1666.14,2020-09-10
ACC2066,CUST1792,BR117,Business,3541.82,2024-08-18
ACC2067,CUST1700,BR103,Savings,16278.99,2024-12-05
ACC2068,CUST1043,BR117,Checking,21099.94,2019-06-22
ACC2069,CUST1546,BR114,Checking,1807.77,2022-07-02
ACC2070,CUST1850,BR102,Checking,22922.69,2018-05-15
ACC2071,CUST1482,BR110,Savings,20693.33,2018-08-11
ACC2072,CUST1300,BR119,Savings,35171.15,2016-05-14
ACC2073,CUST1749,BR108,Business,17727.29,2015-10-17
ACC2074,CUST1980,BR112,Checking,34442.6,2018-04-12
ACC2075,CUST1599,BR117,Business,36073.87,2020-09-07
ACC2076,CUST1991,BR107,Savings,6321.19,2022-06-21
ACC2077,CUST1867,BR115,Business,20393.46,2021-09-20
ACC2078,CUST1336,BR118,Business,40344.61,2023-07-27
ACC2079,CUST1685,BR106,Savings,26681.2,2024-07-02
ACC2080,CUST1996,BR108,Savings,21954.76,2018-03-09
ACC2081,CUST1798,BR107,Savings,44265.86,2017-07-26
ACC2082,CUST1079,BR119,Business,1663.25,2023-08-03
ACC2083,CUST1509,BR120,Business,47689.0,2021-12-21
ACC2084,CUST1655,BR106,Business,18843.84,2018-01-05
ACC2085,CUST1086,BR120,Savings,3888.08,2021-05-08
ACC2086,CUST1288,BR106,Checking,40714.25,2017-07-21
ACC2087,CUST1049,BR106,Savings,40025.78,2020-07-19
ACC2088,CUST1962,BR102,Checking,26893.07,2018-12-28
ACC2089,CUST1192,BR118,Savings,13501.76,2015-08-05
ACC2090,CUST1968,BR114,Checking,48427.52,2023-10-26
ACC2091,CUST1528,BR105,Business,1586.17,2022-04-05
ACC2092,CUST1920,BR110,Checking,29289.18,2023-07-04
ACC2093,CUST1509,BR117,Checking,47601.44,2023-03-06
ACC2094,CUST1765,BR106,Savings,22026.56,2024-09-23
ACC2095,CUST1539,BR109,Checking,13103.84,2015-11-02
ACC2096,CUST1312,BR109,Business,43043.47,2017-04-04
ACC2097,CUST1409,BR117,Savings,2099.69,2023-03-10
ACC2098,CUST1709,BR110,Business,13642.99,2020-09-09
ACC2099,CUST1431,BR119,Checking,42272.25,2021-01-15
ACC2100,CUST1759,BR117,Checking,17451.76,2025-01-29
ACC2101,CUST1937,BR113,Checking,23739.33,2019-12-25
ACC2102,CUST1907,BR107,Savings,13190.17,2019-05-08
ACC2103,CUST1325,BR101,Business,18012.52,2022-02-08
ACC2104,CUST1080,BR101,Business,32624.72,2016-03-04
ACC2105,CUST1252,BR101,Checking,38960.06,2016-06-15
ACC2106,CUST1436,BR115,Savings,35152.17,2018-01-07
ACC2107,CUST1077,BR119,Checking,48003.09,2023-06-04
ACC2108,CUST1403,BR114,Savings,39703.7,2017-08-07
ACC2109,CUST1360,BR109,Business,13240.49,2016-04-07
ACC2110,CUST1690,BR101,Savings,32212.58,2020-01-29
ACC2111,CUST1203,BR109,Savings,3563.42,2023-11-10
ACC2112,CUST1258,BR113,Checking,43823.46,2017-06-22
ACC2113,CUST1192,BR111,Checking,4965.48,2021-08-19
ACC2114,CUST1244,BR109,Checking,9060.31,2020-03-23
ACC2115,CUST1502,BR118,Checking,11763.46,2018-07-05
ACC2116,CUST1581,BR110,Savings,2045.78,2018-04-06
ACC2117,CUST1644,BR105,Business,44199.74,2016-08-08
ACC2118,CUST1330,BR112,Checking,29299.82,2019-04-17
ACC2119,CUST1401,BR109,Checking,47493.49,2024-03-23
ACC2120,CUST1633,BR110,Savings,11732.35,2024-01-28
ACC2121,CUST1118,BR114,Business,16414.58,2015-02-19
ACC2122,CUST1273,BR113,Savings,33191.62,2023-06-28
ACC2123,CUST1651,BR101,Business,35034.43,2023-05-02
ACC2124,CUST1586,BR119,Savings,14216.16,2022-11-23
ACC2125,CUST1249,BR120,Checking,45020.89,2020-05-05
ACC2126,CUST1293,BR103,Checking,20303.48,2023-01-28
ACC2127,CUST1006,BR106,Checking,42034.73,2015-09-24
ACC2128,CUST1472,BR102,Savings,6844.26,2024-05-05
ACC2129,CUST1662,BR119,Business,7919.43,2023-11-13
ACC2130,CUST1325,BR105,Business,8896.82,2022-06-06
ACC2131,CUST1693,BR103,Savings,20958.33,2016-03-27
ACC2132,CUST1093,BR104,Business,33246.84,2019-01-23
ACC2133,CUST1115,BR107,Business,47447.93,2018-06-15
ACC2134,CUST1444,BR109,Savings,30645.68,2019-03-16
ACC2135,CUST1739,BR110,Savings,3143.16,2017-04-17
ACC2136,CUST1580,BR115,Savings,10149.75,2023-12-06
ACC2137,CUST1731,BR107,Checking,45057.19,2017-07-26
ACC2138,CUST1207,BR117,Business,42359.7,2019-05-19
ACC2139,CUST1208,BR107,Savings,21743.52,2021-03-12
ACC2140,CUST1022,BR114,Savings,3887.04,2018-04-07
ACC2141,CUST1135,BR106,Savings,27718.61,2017-10-19
ACC2142,CUST1662,BR115,Checking,29342.85,2019-10-31
ACC2143,CUST1118,BR109,Savings,39248.24,2018-07-06
ACC2144,CUST1375,BR119,Business,29739.47,2018-11-15
ACC2145,CUST1185,BR107,Business,22729.4,2017-01-01
ACC2146,CUST1346,BR113,Savings,12665.43,2018-03-18
ACC2147,CUST1177,BR120,Business,30179.93,2016-05-19
ACC2148,CUST1580,BR118,Checking,30197.29,2021-08-29
ACC2149,CUST1450,BR112,Savings,36619.85,2022-02-25
ACC2150,CUST1973,BR118,Business,29391.65,2024-06-15
ACC2151,CUST1680,BR105,Checking,11627.01,2018-02-25
ACC2152,CUST1868,BR114,Savings,24183.93,2022-12-07
ACC2153,CUST1797,BR118,Business,16475.61,2015-05-11
ACC2154,CUST1567,BR108,Business,36510.83,2018-06-01
ACC2155,CUST1711,BR108,Business,30554.84,2015-06-08
ACC2156,CUST1960,BR103,Savings,47088.14,2021-08-14
ACC2157,CUST1421,BR120,Checking,20088.17,2023-11-13
ACC2158,CUST1423,BR111,Business,40716.88,2024-10-23
ACC2159,CUST1411,BR115,Savings,17584.79,2020-12-05
ACC2160,CUST1998,BR118,Savings,36155.92,2017-08-15
ACC2161,CUST1113,BR112,Checking,4142.76,2020-02-08
ACC2162,CUST1136,BR104,Savings,35397.19,2018-11-21
ACC2163,CUST1654,BR102,Savings,35428.47,2022-11-10
ACC2164,CUST1028,BR120,Savings,11286.96,2021-04-30
ACC2165,CUST1858,BR110,Business,44740.56,2023-02-04
ACC2166,CUST1148,BR103,Business,1724.7,2017-08-04
ACC2167,CUST1137,BR102,Savings,991.3,2018-06-20
ACC2168,CUST1547,BR112,Savings,45623.24,2022-01-10
ACC2169,CUST1314,BR114,Checking,46036.97,2017-10-31
ACC2170,CUST1646,BR107,Checking,33084.01,2018-10-24
ACC2171,CUST1767,BR109,Savings,35074.15,2023-01-14
ACC2172,CUST1516,BR107,Savings,34457.72,2016-11-20
ACC2173,CUST1059,BR120,Checking,679.09,2016-09-18
ACC2174,CUST1231,BR101,Checking,29890.8,2024-01-30
ACC2175,CUST1117,BR105,Business,42226.0,2020-11-26
ACC2176,CUST1379,BR120,Savings,29318.07,2018-07-12
ACC2177,CUST1981,BR107,Business,29423.1,2015-09-06
ACC2178,CUST1535,BR109,Business,38699.78,2020-05-02
ACC2179,CUST1521,BR109,Business,35755.14,2021-02-15
ACC2180,CUST1953,BR111,Business,6903.58,2015-04-27
ACC2181,CUST1020,BR103,Savings,32232.98,2020-01-06
ACC2182,CUST1485,BR117,Business,16078.1,2018-10-03
ACC2183,CUST1216,BR113,Savings,970.78,2022-01-15
ACC2184,CUST1427,BR103,Business,30806.38,2015-12-23
ACC2185,CUST1325,BR110,Checking,37234.44,2019-04-11
ACC2186,CUST1509,BR101,Checking,4086.84,2020-09-09
ACC2187,CUST1052,BR119,Savings,36960.55,2019-06-05
ACC2188,CUST1012,BR120,Checking,20700.02,2025-02-08
ACC2189,CUST1613,BR102,Checking,35484.98,2016-01-07
ACC2190,CUST1483,BR113,Savings,1209.45,2025-01-09
ACC2191,CUST1514,BR111,Savings,14557.51,2020-06-30
ACC2192,CUST1771,BR116,Savings,3188.77,2018-06-01
ACC2193,CUST1581,BR103,Business,38719.35,2016-08-20
ACC2194,CUST1051,BR110,Savings,8419.87,2017-12-24
ACC2195,CUST1951,BR106,Savings,22326.84,2023-10-21
ACC2196,CUST1689,BR112,Savings,41456.48,2022-12-03
ACC2197,CUST1377,BR117,Checking,16939.74,2021-11-23
ACC2198,CUST1446,BR116,Business,36807.7,2016-01-11
ACC2199,CUST1609,BR101,Checking,49018.85,2023-01-03
ACC2200,CUST1866,BR103,Savings,4554.86,2016-03-01
ACC2201,CUST1022,BR119,Checking,18193.91,2023-03-18
ACC2202,CUST1961,BR117,Checking,1367.81,2024-06-25
ACC2203,CUST1983,BR118,Checking,40983.44,2016-09-10
ACC2204,CUST1764,BR120,Business,34269.62,2023-08-31
ACC2205,CUST1106,BR111,Business,10051.44,2022-02-15
ACC2206,CUST1291,BR118,Checking,36164.69,2018-12-09
ACC2207,CUST1754,BR117,Business,30099.19,2015-09-23
ACC2208,CUST1180,BR107,Checking,13216.52,2016-10-28
ACC2209,CUST1132,BR109,Checking,38925.65,2017-06-29
ACC2210,CUST1304,BR102,Savings,11940.52,2019-05-20
ACC2211,CUST1427,BR102,Business,49669.52,2018-08-21
ACC2212,CUST1667,BR108,Checking,11886.58,2024-09-12
ACC2213,CUST1701,BR114,Business,44968.55,2024-03-11
ACC2214,CUST1191,BR114,Checking,15010.86,2016-06-24
ACC2215,CUST1634,BR103,Business,37228.42,2020-02-03
ACC2216,CUST1745,BR110,Checking,42647.51,2017-02-09
ACC2217,CUST1147,BR119,Savings,40908.25,2020-01-05
ACC2218,CUST1617,BR105,Business,39493.3,2023-07-03
ACC2219,CUST1103,BR107,Business,12486.01,2020-12-18
ACC2220,CUST1846,BR115,Checking,2930.27,2018-08-15
ACC2221,CUST1775,BR114,Checking,2660.47,2023-10-14
ACC2222,CUST1600,BR101,Checking,42415.53,2025-02-10
ACC2223,CUST1096,BR115,Savings,21284.28,2016-05-12
ACC2224,CUST1186,BR101,Savings,26394.68,2024-01-14
ACC2225,CUST1974,BR119,Checking,47314.39,2017-11-25
ACC2226,CUST1886,BR106,Checking,28295.96,2023-10-22
ACC2227,CUST1193,BR113,Checking,20518.43,2021-06-11
ACC2228,CUST1463,BR103,Savings,8185.53,2022-10-29
ACC2229,CUST1113,BR110,Business,17749.97,2024-10-23
ACC2230,CUST1813,BR119,Checking,16614.54,2023-06-26
ACC2231,CUST1886,BR116,Checking,47367.36,2021-11-08
ACC2232,CUST1300,BR106,Business,3243.34,2018-07-14
ACC2233,CUST1425,BR113,Business,40009.27,2016-07-22
ACC2234,CUST1898,BR111,Checking,2346.78,2016-02-08
ACC2235,CUST1271,BR116,Business,5660.7,2017-03-09
ACC2236,CUST1724,BR113,Business,30740.92,2015-06-22
ACC2237,CUST1277,BR101,Savings,8599.36,2022-10-03
ACC2238,CUST1973,BR102,Business,45700.55,2020-12-31
ACC2239,CUST1023,BR115,Checking,43780.88,2019-08-25
ACC2240,CUST1525,BR118,Checking,26054.27,2017-07-09
ACC2241,CUST1418,BR109,Savings,15755.19,2024-02-02
ACC2242,CUST1687,BR102,Business,10422.03,2016-02-26
ACC2243,CUST1275,BR107,Business,22130.78,2020-02-09
ACC2244,CUST1288,BR102,Checking,30638.25,2018-07-12
ACC2245,CUST1648,BR117,Checking,24565.67,2019-12-09
ACC2246,CUST1517,BR112,Checking,3188.66,2021-11-24
ACC2247,CUST1087,BR112,Savings,39884.55,2021-12-07
ACC2248,CUST1440,BR112,Checking,10891.94,2024-07-15
ACC2249,CUST1744,BR117,Savings,35064.4,2021-05-23
ACC2250,CUST1430,BR103,Business,47260.86,2015-12-15
ACC2251,CUST1922,BR111,Business,23459.04,2019-08-31
ACC2252,CUST1932,BR101,Savings,15557.75,2015-04-20
ACC2253,CUST1741,BR111,Business,37629.19,2022-05-06
ACC2254,CUST1758,BR117,Savings,16028.91,2021-12-30
ACC2255,CUST1211,BR115,Savings,26061.54,2020-09-06
ACC2256,CUST1472,BR117,Savings,21252.06,2015-03-09
ACC2257,CUST1808,BR111,Checking,46825.89,2017-01-22
ACC2258,CUST1075,BR120,Savings,40354.81,2017-08-27
ACC2259,CUST1056,BR119,Business,12547.46,2024-04-13
ACC2260,CUST1267,BR109,Savings,5203.89,2020-02-07
ACC2261,CUST1403,BR109,Checking,38162.0,2015-05-03
ACC2262,CUST1588,BR101,Checking,15011.09,2019-05-18
ACC2263,CUST1692,BR120,Checking,25571.97,2024-08-17
ACC2264,CUST1588,BR101,Business,45790.41,2017-03-10
ACC2265,CUST1696,BR118,Checking,28820.07,2015-03-29
ACC2266,CUST1424,BR115,Business,24578.62,2015-11-12
ACC2267,CUST1492,BR103,Savings,12575.94,2021-08-19
ACC2268,CUST1621,BR104,Savings,11594.19,2021-08-17
ACC2269,CUST1113,BR117,Business,8863.21,2020-10-28
ACC2270,CUST1533,BR103,Business,46465.96,2015-06-03
ACC2271,CUST1612,BR107,Checking,29461.18,2024-04-20
ACC2272,CUST1716,BR120,Savings,12936.42,2017-05-27
ACC2273,CUST1469,BR110,Business,42733.03,2024-02-24
ACC2274,CUST1776,BR120,Checking,31505.99,2023-12-15
ACC2275,CUST1800,BR119,Business,41845.28,2015-04-17
ACC2276,CUST1143,BR103,Savings,5226.53,2022-08-17
ACC2277,CUST1008,BR118,Checking,40439.32,2021-03-31
ACC2278,CUST1964,BR101,Savings,34155.19,2016-01-26
ACC2279,CUST1505,BR104,Savings,37669.04,2022-12-03
ACC2280,CUST1320,BR110,Business,40417.92,2016-04-07
ACC2281,CUST1355,BR109,Savings,46518.8,2019-12-06
ACC2282,CUST1877,BR105,Business,27966.7,2021-06-11
ACC2283,CUST1526,BR120,Business,36312.17,2021-04-28
ACC2284,CUST1551,BR108,Checking,34388.7,2018-08-22
ACC2285,CUST1218,BR109,Business,20357.56,2018-04-28
ACC2286,CUST1940,BR114,Checking,980.54,2018-06-12
ACC2287,CUST1693,BR120,Checking,45883.97,2016-01-15
ACC2288,CUST1963,BR108,Checking,41516.72,2016-12-15
ACC2289,CUST1233,BR108,Checking,6949.25,2022-11-24
ACC2290,CUST1503,BR113,Savings,42753.83,2021-12-19
ACC2291,CUST1683,BR112,Savings,9868.13,2023-02-17
ACC2292,CUST1813,BR119,Checking,32025.45,2022-04-08
ACC2293,CUST1984,BR103,Checking,14916.3,2019-07-26
ACC2294,CUST1388,BR112,Checking,16781.85,2023-02-11
ACC2295,CUST1308,BR106,Savings,4227.75,2023-12-04
ACC2296,CUST1328,BR118,Savings,42048.13,2021-06-23
ACC2297,CUST1928,BR102,Savings,5005.92,2016-02-28
ACC2298,CUST1092,BR113,Checking,25914.0,2023-11-15
ACC2299,CUST1440,BR111,Business,40713.97,2015-05-06
ACC2300,CUST1205,BR105,Business,21798.32,2022-10-10
ACC2301,CUST1756,BR112,Checking,39557.07,2023-03-19
ACC2302,CUST1268,BR116,Checking,43436.56,2023-02-05
ACC2303,CUST1832,BR105,Business,14804.3,2017-11-02
ACC2304,CUST1931,BR118,Savings,35947.76,2021-10-25
ACC2305,CUST1922,BR102,Checking,20012.93,2020-01-24
ACC2306,CUST1348,BR102,Business,7259.33,2016-11-19
ACC2307,CUST1641,BR114,Checking,38607.08,2022-05-06
ACC2308,CUST1198,BR120,Savings,13040.13,2017-08-11
ACC2309,CUST1677,BR104,Business,49619.87,2021-03-30
ACC2310,CUST1484,BR113,Checking,662.1,2020-01-11
ACC2311,CUST1824,BR106,Savings,15962.65,2021-02-09
ACC2312,CUST1038,BR118,Savings,19573.88,2017-07-01
ACC2313,CUST1152,BR106,Checking,10637.51,2015-10-18
ACC2314,CUST1334,BR113,Business,18991.35,2018-09-21
ACC2315,CUST1242,BR115,Business,37430.64,2021-07-31
ACC2316,CUST1691,BR109,Business,39151.52,2020-07-01
ACC2317,CUST1151,BR120,Checking,5399.58,2020-09-16
ACC2318,CUST1623,BR109,Checking,12410.37,2016-06-22
ACC2319,CUST1371,BR106,Savings,12462.84,2017-07-17
ACC2320,CUST1945,BR120,Business,1642.86,2021-03-08
ACC2321,CUST1038,BR116,Business,19833.36,2021-04-10
ACC2322,CUST1751,BR114,Business,3606.18,2023-01-04
ACC2323,CUST1980,BR111,Checking,45523.83,2023-03-04
ACC2324,CUST1680,BR113,Checking,38071.33,2019-07-20
ACC2325,CUST1747,BR119,Business,18744.85,2015-09-11
ACC2326,CUST1660,BR112,Business,1287.24,2022-02-01
ACC2327,CUST1256,BR106,Checking,32204.34,2018-06-25
ACC2328,CUST1689,BR105,Business,33132.89,2022-06-04
ACC2329,CUST1296,BR106,Business,19739.14,2022-09-08
ACC2330,CUST1921,BR101,Savings,47186.22,2024-01-27
ACC2331,CUST1627,BR119,Business,43962.07,2017-01-29
ACC2332,CUST1278,BR120,Checking,35784.75,2017-02-27
ACC2333,CUST1423,BR102,Checking,26430.01,2019-04-25
ACC2334,CUST1704,BR119,Savings,43836.11,2015-04-16
ACC2335,CUST1914,BR116,Checking,48097.32,2015-07-31
ACC2336,CUST1405,BR115,Savings,40352.34,2018-09-21
ACC2337,CUST1354,BR111,Checking,8333.81,2017-05-08
ACC2338,CUST1929,BR108,Savings,29057.02,2015-05-03
ACC2339,CUST1905,BR114,Business,861.21,2020-09-07
ACC2340,CUST1325,BR108,Business,22604.08,2016-09-05
ACC2341,CUST1330,BR114,Savings,25059.88,2020-02-24
ACC2342,CUST1886,BR112,Savings,18301.53,2024-03-07
ACC2343,CUST1373,BR113,Savings,13583.68,2020-09-19
ACC2344,CUST1347,BR101,Savings,20020.73,2017-04-19
ACC2345,CUST1135,BR102,Savings,43367.51,2020-02-17
ACC2346,CUST1474,BR101,Checking,49596.84,2023-04-16
ACC2347,CUST1747,BR115,Business,2467.61,2016-10-09
ACC2348,CUST1251,BR119,Checking,41018.6,2021-05-22
ACC2349,CUST1928,BR106,Savings,31737.56,2022-01-03
ACC2350,CUST1339,BR118,Savings,46140.26,2021-07-21
ACC2351,CUST1326,BR104,Savings,22625.71,2017-07-09
ACC2352,CUST1816,BR105,Business,38223.66,2017-12-16
ACC2353,CUST1591,BR105,Savings,44345.0,2018-01-19
ACC2354,CUST1483,BR109,Savings,36448.96,2021-07-22
ACC2355,CUST1904,BR108,Checking,17784.71,2015-03-16
ACC2356,CUST1685,BR116,Business,25262.19,2016-09-27
ACC2357,CUST1600,BR116,Business,15924.65,2024-04-08
ACC2358,CUST1589,BR103,Checking,48329.33,2016-05-11
ACC2359,CUST1915,BR115,Checking,7392.98,2020-12-28
ACC2360,CUST1030,BR106,Savings,6341.91,2015-06-27
ACC2361,CUST1501,BR110,Savings,19848.66,2023-06-10
ACC2362,CUST1041,BR116,Savings,34785.87,2024-08-17
ACC2363,CUST1643,BR106,Checking,8489.58,2024-03-21
ACC2364,CUST1013,BR116,Savings,6354.23,2021-01-23
ACC2365,CUST1013,BR117,Business,9704.08,2015-03-16
ACC2366,CUST1855,BR109,Business,44703.89,2018-06-04
ACC2367,CUST1151,BR117,Checking,33445.91,2024-01-29
ACC2368,CUST1965,BR102,Business,19861.19,2017-12-18
ACC2369,CUST1839,BR107,Checking,535.91,2023-11-23
ACC2370,CUST1008,BR115,Checking,21376.42,2018-04-24
ACC2371,CUST1349,BR106,Savings,7302.48,2016-12-12
ACC2372,CUST1695,BR117,Checking,33428.5,2019-10-05
ACC2373,CUST1657,BR120,Checking,31201.54,2018-09-06
ACC2374,CUST1314,BR107,Savings,19577.83,2023-10-04
ACC2375,CUST1180,BR104,Business,34209.82,2018-02-28
ACC2376,CUST1284,BR115,Checking,33588.3,2016-03-31
ACC2377,CUST1394,BR118,Savings,25510.14,2021-04-13
ACC2378,CUST1033,BR111,Checking,45446.26,2020-10-30
ACC2379,CUST1055,BR103,Checking,707.41,2018-08-30
ACC2380,CUST1755,BR118,Checking,18658.61,2020-04-18
ACC2381,CUST1091,BR104,Savings,49249.29,2021-06-23
ACC2382,CUST1750,BR115,Savings,14670.89,2021-03-16
ACC2383,CUST1795,BR106,Savings,17334.87,2016-01-12
ACC2384,CUST1444,BR106,Checking,30988.7,2023-05-11
ACC2385,CUST1917,BR110,Business,43084.51,2023-12-31
ACC2386,CUST1470,BR106,Checking,10909.29,2015-03-25
ACC2387,CUST1366,BR120,Savings,8856.06,2022-11-26
ACC2388,CUST1918,BR118,Savings,15569.39,2017-07-25
ACC2389,CUST1206,BR118,Checking,35676.58,2017-04-29
ACC2390,CUST1073,BR113,Business,40464.07,2020-01-16
ACC2391,CUST1572,BR119,Checking,23222.22,2016-01-04
ACC2392,CUST1345,BR107,Checking,49390.05,2024-12-01
ACC2393,CUST1021,BR109,Business,17109.0,2018-07-23
ACC2394,CUST1325,BR108,Checking,26923.78,2025-01-11
ACC2395,CUST1237,BR107,Checking,24739.51,2016-04-16
ACC2396,CUST1847,BR103,Savings,22720.3,2017-04-28
ACC2397,CUST1596,BR115,Savings,43853.28,2024-04-28
ACC2398,CUST1957,BR101,Checking,33534.59,2016-10-12
ACC2399,CUST1146,BR116,Business,26687.14,2019-11-26
ACC2400,CUST1788,BR119,Checking,45843.03,2019-07-16
ACC2401,CUST1009,BR110,Business,44635.05,2022-04-14
ACC2402,CUST1893,BR113,Savings,30902.11,2022-06-16
ACC2403,CUST1747,BR113,Business,13029.09,2015-08-31
ACC2404,CUST1505,BR108,Savings,23873.8,2024-08-20
ACC2405,CUST1495,BR104,Business,47444.84,2020-07-14
ACC2406,CUST1212,BR116,Savings,33807.38,2019-05-17
ACC2407,CUST1929,BR105,Business,1613.19,2022-10-14
ACC2408,CUST1652,BR105,Savings,9976.83,2024-09-19
ACC2409,CUST1113,BR111,Savings,37555.0,2020-01-16
ACC2410,CUST1153,BR115,Business,49136.55,2023-08-02
ACC2411,CUST1862,BR115,Business,27785.85,2018-12-05
ACC2412,CUST1797,BR107,Business,33373.41,2018-08-28
ACC2413,CUST1982,BR119,Savings,14890.31,2020-01-02
ACC2414,CUST1969,BR106,Savings,19913.81,2023-02-08
ACC2415,CUST1188,BR111,Checking,17289.12,2021-07-31
ACC2416,CUST1806,BR114,Business,11391.71,2021-08-24
ACC2417,CUST1094,BR114,Savings,17172.84,2020-06-11
ACC2418,CUST1690,BR106,Business,37214.08,2017-02-14
ACC2419,CUST1792,BR109,Checking,41457.61,2021-10-22
ACC2420,CUST1284,BR113,Savings,15194.86,2015-10-28
ACC2421,CUST1690,BR115,Savings,18602.28,2023-05-28
ACC2422,CUST1107,BR111,Business,39815.02,2020-08-29
ACC2423,CUST1246,BR105,Savings,32715.6,2023-03-15
ACC2424,CUST1760,BR119,Business,12940.6,2022-01-29
ACC2425,CUST1525,BR103,Checking,12984.24,2019-03-30
ACC2426,CUST1860,BR107,Business,21960.36,2019-09-30
ACC2427,CUST1477,BR113,Savings,13699.47,2019-07-18
ACC2428,CUST1816,BR103,Checking,36816.74,2024-11-23
ACC2429,CUST1024,BR114,Business,29707.65,2018-03-08
ACC2430,CUST1982,BR118,Business,36929.45,2020-05-02
ACC2431,CUST1619,BR117,Checking,45553.39,2018-04-24
ACC2432,CUST1540,BR102,Business,42075.19,2021-11-16
ACC2433,CUST1421,BR111,Business,16183.84,2016-01-18
ACC2434,CUST1979,BR120,Business,35052.95,2021-07-26
ACC2435,CUST1832,BR107,Checking,26458.55,2018-03-02
ACC2436,CUST1161,BR117,Savings,8009.52,2021-04-10
ACC2437,CUST1042,BR118,Business,15451.01,2015-06-10
ACC2438,CUST1258,BR108,Checking,28929.02,2015-05-14
ACC2439,CUST1474,BR105,Checking,46554.88,2022-03-26
ACC2440,CUST1351,BR119,Business,7200.52,2021-03-30
ACC2441,CUST1545,BR111,Savings,12391.84,2022-02-21
ACC2442,CUST1103,BR119,Business,11634.38,2024-03-17
ACC2443,CUST1444,BR102,Savings,12557.18,2015-03-04
ACC2444,CUST1330,BR102,Business,23336.61,2020-11-03
ACC2445,CUST1010,BR107,Savings,17820.13,2017-06-30
ACC2446,CUST1814,BR118,Savings,19792.83,2019-04-04
ACC2447,CUST1794,BR115,Savings,30571.22,2016-12-03
ACC2448,CUST1620,BR118,Business,20096.04,2021-09-02
ACC2449,CUST1783,BR114,Savings,42883.03,2019-07-04
ACC2450,CUST1964,BR104,Checking,28046.76,2023-11-20
ACC2451,CUST1004,BR104,Business,27490.22,2016-10-12
ACC2452,CUST1928,BR112,Business,42451.7,2016-12-28
ACC2453,CUST1137,BR104,Business,9947.37,2023-03-15
ACC2454,CUST1340,BR107,Business,26353.14,2019-02-17
ACC2455,CUST1369,BR110,Checking,11952.46,2015-03-31
ACC2456,CUST1880,BR101,Checking,41429.41,2023-11-20
ACC2457,CUST1626,BR106,Business,5129.17,2020-03-19
ACC2458,CUST1786,BR103,Business,46270.32,2016-06-27
ACC2459,CUST1715,BR114,Savings,20398.18,2019-04-02
ACC2460,CUST1489,BR103,Business,1345.34,2015-11-28
ACC2461,CUST1592,BR104,Business,25575.06,2024-09-01
ACC2462,CUST1458,BR107,Checking,21454.15,2022-10-07
ACC2463,CUST1900,BR103,Savings,34769.75,2017-06-19
ACC2464,CUST1726,BR105,Checking,42945.34,2020-10-19
ACC2465,CUST1168,BR115,Savings,17408.91,2015-06-21
ACC2466,CUST1294,BR120,Business,11215.36,2023-11-02
ACC2467,CUST1292,BR115,Checking,14964.33,2015-05-13
ACC2468,CUST1937,BR105,Savings,49128.22,2022-09-03
ACC2469,CUST1736,BR105,Checking,9645.54,2017-05-28
ACC2470,CUST1347,BR106,Savings,23379.81,2020-06-27
ACC2471,CUST1024,BR120,Savings,39344.44,2024-04-15
ACC2472,CUST1544,BR115,Checking,21274.77,2015-05-03
ACC2473,CUST1798,BR108,Checking,15151.97,2019-07-24
ACC2474,CUST1213,BR106,Savings,49419.68,2020-04-23
ACC2475,CUST1393,BR114,Checking,26592.62,2017-12-17
ACC2476,CUST1881,BR120,Checking,20015.07,2016-09-18
ACC2477,CUST1773,BR108,Savings,45223.11,2019-01-29
ACC2478,CUST1777,BR116,Checking,12382.21,2024-02-28
ACC2479,CUST1103,BR113,Savings,22706.92,2016-02-20
ACC2480,CUST1556,BR107,Savings,16060.84,2022-10-02
ACC2481,CUST1890,BR102,Savings,3433.76,2019-01-25
ACC2482,CUST1301,BR116,Savings,40264.22,2021-08-05
ACC2483,CUST1684,BR102,Business,17008.8,2022-06-24
ACC2484,CUST1521,BR119,Savings,47820.57,2023-05-15
ACC2485,CUST1315,BR112,Checking,44161.73,2023-10-11
ACC2486,CUST1738,BR109,Business,15600.18,2025-01-28
ACC2487,CUST1423,BR114,Checking,36710.63,2016-08-14
ACC2488,CUST1248,BR116,Checking,28704.27,2016-01-29
ACC2489,CUST1780,BR112,Checking,3308.24,2019-06-06
ACC2490,CUST1388,BR112,Savings,5485.2,2018-04-26
ACC2491,CUST1103,BR119,Checking,41531.5,2024-11-13
ACC2492,CUST1345,BR104,Business,37938.94,2015-11-02
ACC2493,CUST1283,BR115,Business,20671.13,2016-07-04
ACC2494,CUST1705,BR114,Checking,31550.43,2015-08-14
ACC2495,CUST1431,BR118,Checking,40228.48,2019-05-02
ACC2496,CUST1700,BR104,Savings,9369.95,2024-12-06
ACC2497,CUST1003,BR112,Business,9904.51,2022-05-27
ACC2498,CUST1404,BR103,Savings,30248.9,2019-03-23
ACC2499,CUST1335,BR114,Savings,35135.2,2023-02-24
ACC2500,CUST1460,BR102,Checking,8794.37,2022-05-08
ACC2501,CUST1113,BR107,Savings,41711.24,2016-09-10
ACC2502,CUST1765,BR105,Checking,40136.08,2017-11-01
ACC2503,CUST1433,BR109,Checking,27950.7,2023-04-28
ACC2504,CUST1185,BR106,Checking,29655.83,2018-07-07
ACC2505,CUST1080,BR106,Checking,10371.92,2024-10-22
ACC2506,CUST1384,BR111,Business,32861.91,2023-02-22
ACC2507,CUST1645,BR116,Checking,43461.43,2023-01-03
ACC2508,CUST1128,BR116,Business,21077.92,2015-10-20
ACC2509,CUST1949,BR108,Business,12626.82,2017-03-13
ACC2510,CUST1492,BR104,Business,42565.06,2022-05-17
ACC2511,CUST1467,BR112,Business,18850.48,2024-11-30
ACC2512,CUST1470,BR110,Business,5418.49,2022-12-03
ACC2513,CUST1192,BR114,Business,25890.44,2019-12-12
ACC2514,CUST1484,BR116,Business,41217.41,2023-08-14
ACC2515,CUST1766,BR108,Savings,15122.93,2016-04-19
ACC2516,CUST1760,BR109,Savings,13430.53,2017-03-18
ACC2517,CUST1100,BR115,Savings,16770.22,2016-07-23
ACC2518,CUST1521,BR119,Checking,30353.76,2020-04-14
ACC2519,CUST1982,BR117,Business,15406.59,2017-07-03
ACC2520,CUST1316,BR116,Savings,13666.61,2021-01-31
ACC2521,CUST1713,BR105,Business,38702.76,2018-11-07
ACC2522,CUST1896,BR118,Business,36065.85,2018-11-27
ACC2523,CUST1647,BR102,Business,48024.88,2016-12-07
ACC2524,CUST1503,BR113,Business,30671.78,2022-10-11
ACC2525,CUST1700,BR120,Savings,21580.1,2017-11-06
ACC2526,CUST1005,BR120,Business,19531.96,2017-03-16
ACC2527,CUST1801,BR110,Business,46529.74,2022-02-17
ACC2528,CUST1811,BR118,Business,25591.54,2022-08-29
ACC2529,CUST1218,BR120,Checking,43350.53,2021-06-27
ACC2530,CUST1732,BR116,Business,15209.28,2019-01-04
ACC2531,CUST1543,BR111,Checking,37899.25,2021-03-27
ACC2532,CUST1721,BR118,Checking,31472.97,2016-04-17
ACC2533,CUST1467,BR119,Checking,34458.76,2019-05-29
ACC2534,CUST1769,BR120,Savings,17372.95,2016-09-02
ACC2535,CUST1878,BR105,Checking,45932.95,2023-07-31
ACC2536,CUST1488,BR119,Business,12715.14,2023-06-11
ACC2537,CUST1021,BR112,Checking,10930.56,2018-05-30
ACC2538,CUST1470,BR107,Savings,22817.54,2020-12-02
ACC2539,CUST1015,BR101,Business,6470.64,2016-06-30
ACC2540,CUST1330,BR117,Savings,33216.79,2018-09-27
ACC2541,CUST1234,BR112,Checking,9502.41,2024-06-07
ACC2542,CUST1987,BR106,Business,9181.32,2016-04-19
ACC2543,CUST1447,BR110,Checking,22946.17,2021-03-09
ACC2544,CUST1864,BR112,Savings,873.95,2020-07-27
ACC2545,CUST1629,BR106,Checking,13898.61,2020-10-03
ACC2546,CUST1123,BR110,Checking,13684.23,2017-10-12
ACC2547,CUST1925,BR107,Checking,9807.17,2018-06-06
ACC2548,CUST1118,BR104,Business,49684.17,2016-08-10
ACC2549,CUST1244,BR111,Business,7372.39,2016-02-04
ACC2550,CUST1736,BR107,Business,37771.16,2019-07-03
ACC2551,CUST1948,BR118,Savings,3718.0,2021-07-29
ACC2552,CUST1887,BR116,Business,49222.34,2018-06-18
ACC2553,CUST1241,BR119,Checking,45579.92,2022-02-14
ACC2554,CUST1275,BR114,Checking,46354.8,2018-11-04
ACC2555,CUST1248,BR109,Checking,5237.95,2017-02-18
ACC2556,CUST1321,BR112,Checking,43400.29,2020-11-29
ACC2557,CUST1794,BR109,Business,40210.38,2016-03-29
ACC2558,CUST1545,BR119,Savings,46309.32,2016-12-13
ACC2559,CUST1708,BR111,Savings,41535.21,2015-09-06
ACC2560,CUST1153,BR106,Business,20295.81,2019-09-27
ACC2561,CUST1881,BR107,Business,13927.98,2017-06-18
ACC2562,CUST1957,BR117,Savings,10564.54,2024-10-24
ACC2563,CUST1321,BR116,Checking,36259.93,2024-06-05
ACC2564,CUST1822,BR119,Business,45311.55,2022-12-22
ACC2565,CUST1738,BR112,Checking,25785.14,2021-12-29
ACC2566,CUST1719,BR111,Business,26874.17,2021-12-14
ACC2567,CUST1476,BR107,Business,3511.73,2023-03-23
ACC2568,CUST1312,BR101,Checking,31151.82,2016-04-07
ACC2569,CUST1494,BR104,Checking,23364.03,2024-08-07
ACC2570,CUST1157,BR108,Savings,35089.71,2021-07-01
ACC2571,CUST1945,BR105,Checking,18339.43,2017-03-31
ACC2572,CUST1423,BR119,Checking,7259.45,2019-08-07
ACC2573,CUST1509,BR109,Savings,14292.26,2015-08-04
ACC2574,CUST1028,BR112,Savings,36116.91,2018-04-23
ACC2575,CUST1404,BR113,Business,14140.02,2017-05-06
ACC2576,CUST1574,BR120,Savings,12200.77,2021-11-03
ACC2577,CUST1514,BR118,Savings,30271.62,2023-07-05
ACC2578,CUST1967,BR108,Business,26322.03,2016-04-11
ACC2579,CUST1316,BR113,Business,43897.27,2017-11-06
ACC2580,CUST1929,BR103,Savings,8263.14,2023-07-17
ACC2581,CUST1626,BR110,Business,36875.96,2020-10-25
ACC2582,CUST1295,BR103,Savings,547.26,2018-08-07
ACC2583,CUST1386,BR116,Business,11831.62,2017-06-20
ACC2584,CUST1493,BR101,Business,41867.85,2021-01-13
ACC2585,CUST1963,BR117,Checking,9388.74,2017-07-20
ACC2586,CUST1809,BR101,Savings,22584.05,2016-02-04
ACC2587,CUST1046,BR108,Business,10682.61,2015-09-15
ACC2588,CUST1288,BR102,Savings,48931.38,2022-04-21
ACC2589,CUST1352,BR111,Savings,40696.64,2018-02-05
ACC2590,CUST1514,BR104,Savings,25664.61,2017-12-16
ACC2591,CUST1740,BR115,Business,14098.2,2016-11-11
ACC2592,CUST1726,BR120,Savings,19896.9,2016-12-03
ACC2593,CUST1101,BR103,Business,26582.48,2020-11-15
ACC2594,CUST1673,BR102,Checking,49843.91,2017-05-02
ACC2595,CUST1434,BR119,Checking,20232.53,2015-11-20
ACC2596,CUST1601,BR119,Business,14660.24,2016-11-23
ACC2597,CUST1804,BR112,Checking,20131.46,2024-11-17
ACC2598,CUST1626,BR101,Checking,5780.05,2022-11-29
ACC2599,CUST1663,BR103,Checking,8830.38,2017-12-24
ACC2600,CUST1418,BR119,Business,43563.74,2017-03-13
ACC2601,CUST1149,BR120,Business,11517.04,2024-10-13
ACC2602,CUST1365,BR113,Checking,3041.05,2018-04-04
ACC2603,CUST1862,BR112,Checking,23835.18,2016-09-03
ACC2604,CUST1820,BR118,Savings,8755.12,2019-09-16
ACC2605,CUST1052,BR104,Checking,34458.06,2016-02-08
ACC2606,CUST1843,BR120,Checking,3460.15,2022-03-06
ACC2607,CUST1527,BR115,Checking,12197.88,2024-09-01
ACC2608,CUST1403,BR112,Savings,17361.88,2018-10-26
ACC2609,CUST1508,BR110,Checking,42450.38,2020-11-02
ACC2610,CUST1545,BR119,Business,43339.65,2019-03-18
ACC2611,CUST1540,BR111,Checking,47311.97,2017-08-17
ACC2612,CUST1519,BR115,Checking,49503.76,2023-02-13
ACC2613,CUST1421,BR105,Business,41649.59,2021-07-07
ACC2614,CUST1202,BR103,Business,20556.93,2021-12-16
ACC2615,CUST1417,BR113,Savings,15807.51,2024-10-23
ACC2616,CUST1111,BR101,Business,30789.66,2024-09-24
ACC2617,CUST1586,BR101,Checking,18235.31,2024-05-25
ACC2618,CUST1047,BR112,Business,3153.43,2021-07-02
ACC2619,CUST1124,BR106,Checking,6446.39,2018-08-28
ACC2620,CUST1695,BR118,Business,34457.17,2015-07-13
ACC2621,CUST1501,BR103,Checking,17436.15,2018-03-14
ACC2622,CUST1324,BR115,Savings,10653.01,2021-09-18
ACC2623,CUST1603,BR105,Checking,39231.6,2024-09-14
ACC2624,CUST1562,BR116,Checking,32520.97,2017-08-05
ACC2625,CUST1747,BR103,Business,8238.36,2024-09-27
ACC2626,CUST1879,BR104,Business,21644.54,2021-12-18
ACC2627,CUST1516,BR110,Business,38927.13,2019-08-12
ACC2628,CUST1449,BR117,Savings,46319.95,2024-05-26
ACC2629,CUST1149,BR117,Checking,43008.7,2019-11-15
ACC2630,CUST1362,BR118,Business,41246.06,2023-02-26
ACC2631,CUST1635,BR103,Checking,37531.32,2024-11-30
ACC2632,CUST1453,BR110,Checking,33539.56,2020-03-14
ACC2633,CUST1258,BR102,Savings,34732.04,2017-06-29
ACC2634,CUST1328,BR117,Savings,30554.22,2022-05-14
ACC2635,CUST1698,BR114,Savings,25956.51,2021-09-29
ACC2636,CUST1358,BR109,Business,44297.43,2020-10-28
ACC2637,CUST1896,BR104,Business,4483.74,2015-04-30
ACC2638,CUST1443,BR116,Checking,1003.62,2016-11-02
ACC2639,CUST1882,BR103,Savings,25854.43,2016-08-06
ACC2640,CUST1312,BR111,Savings,25924.08,2022-01-21
ACC2641,CUST1216,BR108,Savings,12321.41,2024-12-12
ACC2642,CUST1640,BR105,Business,16087.53,2023-02-18
ACC2643,CUST1372,BR105,Business,32816.21,2025-01-22
ACC2644,CUST1646,BR106,Checking,17549.78,2015-03-10
ACC2645,CUST1638,BR104,Checking,23720.37,2016-04-16
ACC2646,CUST1100,BR104,Business,13868.37,2022-04-05
ACC2647,CUST1321,BR113,Business,40099.55,2018-09-27
ACC2648,CUST1825,BR111,Business,39162.68,2018-04-24
ACC2649,CUST1617,BR107,Business,41833.8,2020-02-27
ACC2650,CUST1826,BR113,Checking,6022.96,2017-02-08
ACC2651,CUST1229,BR109,Checking,15344.36,2024-06-13
ACC2652,CUST1044,BR118,Checking,42870.06,2022-12-06
ACC2653,CUST1836,BR106,Business,38548.7,2021-10-18
ACC2654,CUST1764,BR118,Checking,40469.7,2017-05-10
ACC2655,CUST1006,BR110,Business,30895.77,2018-05-26
ACC2656,CUST1538,BR105,Business,13612.82,2024-10-05
ACC2657,CUST1050,BR106,Savings,5142.45,2018-08-13
ACC2658,CUST1737,BR120,Business,21743.05,2021-03-16
ACC2659,CUST1572,BR101,Checking,46602.79,2020-04-30
ACC2660,CUST1352,BR108,Savings,28725.79,2015-11-30
ACC2661,CUST1014,BR117,Business,6128.97,2022-07-16
ACC2662,CUST1326,BR105,Savings,45422.3,2019-12-14
ACC2663,CUST1835,BR115,Business,27370.08,2016-12-04
ACC2664,CUST1799,BR107,Checking,15347.94,2022-02-03
ACC2665,CUST1930,BR105,Savings,3814.89,2018-08-04
ACC2666,CUST1120,BR109,Checking,32320.69,2022-08-31
ACC2667,CUST1585,BR113,Business,8434.8,2020-10-30
ACC2668,CUST1196,BR107,Business,4840.45,2022-04-18
ACC2669,CUST1840,BR120,Checking,19230.82,2024-08-12
ACC2670,CUST1003,BR112,Business,42642.49,2022-01-02
ACC2671,CUST1740,BR104,Savings,17433.14,2018-07-20
ACC2672,CUST1182,BR105,Business,31221.21,2021-09-24
ACC2673,CUST1368,BR113,Savings,37229.34,2019-03-19
ACC2674,CUST1778,BR107,Savings,33205.02,2016-06-06
ACC2675,CUST1282,BR114,Checking,23940.53,2015-11-28
ACC2676,CUST1851,BR111,Business,9716.69,2015-04-23
ACC2677,CUST1792,BR112,Savings,12845.82,2017-06-21
ACC2678,CUST1844,BR110,Savings,14659.03,2024-02-24
ACC2679,CUST1988,BR102,Business,8774.57,2020-08-31
ACC2680,CUST1726,BR105,Business,43231.23,2018-07-18
ACC2681,CUST1419,BR105,Business,28541.53,2017-09-02
ACC2682,CUST1760,BR116,Checking,11576.21,2022-09-13
ACC2683,CUST1780,BR104,Business,31337.0,2023-12-16
ACC2684,CUST1266,BR113,Business,5706.92,2018-11-09
ACC2685,CUST1038,BR116,Business,6296.37,2020-08-25
ACC2686,CUST1849,BR114,Business,17838.34,2018-01-19
ACC2687,CUST1700,BR114,Savings,34345.36,2023-01-26
ACC2688,CUST1971,BR104,Checking,13925.38,2016-02-29
ACC2689,CUST1522,BR101,Checking,49793.4,2021-01-11
ACC2690,CUST1425,BR103,Business,31677.02,2020-02-19
ACC2691,CUST1443,BR112,Savings,38455.79,2023-02-08
ACC2692,CUST1076,BR107,Checking,25751.27,2020-03-30
ACC2693,CUST1115,BR114,Checking,46681.27,2019-02-02
ACC2694,CUST1135,BR112,Business,19982.68,2023-05-31
ACC2695,CUST1417,BR102,Checking,28180.64,2016-01-28
ACC2696,CUST1894,BR120,Savings,28185.44,2015-11-07
ACC2697,CUST1886,BR120,Business,36547.15,2021-07-24
ACC2698,CUST1637,BR115,Business,31859.67,2023-09-06
ACC2699,CUST1126,BR119,Checking,26083.64,2016-08-22
ACC2700,CUST1830,BR112,Business,18938.66,2019-06-16
ACC2701,CUST1606,BR115,Savings,24469.72,2020-07-29
ACC2702,CUST1320,BR118,Savings,16295.74,2022-09-23
ACC2703,CUST1327,BR113,Checking,4420.18,2015-05-11
ACC2704,CUST1374,BR120,Business,42666.19,2016-10-13
ACC2705,CUST1748,BR114,Savings,25533.03,2023-07-25
ACC2706,CUST1856,BR112,Savings,35822.99,2018-02-11
ACC2707,CUST1681,BR109,Business,37479.61,2023-02-09
ACC2708,CUST1091,BR113,Business,48362.65,2021-12-29
ACC2709,CUST1299,BR118,Savings,7566.52,2021-08-03
ACC2710,CUST1816,BR102,Business,39979.91,2021-02-21
ACC2711,CUST1031,BR112,Savings,45372.3,2016-10-25
ACC2712,CUST1305,BR102,Checking,28325.04,2020-05-18
ACC2713,CUST1922,BR103,Business,4184.11,2017-04-26
ACC2714,CUST1248,BR116,Business,23083.15,2020-01-02
ACC2715,CUST1659,BR107,Business,33658.69,2015-07-21
ACC2716,CUST1708,BR115,Checking,39552.93,2025-01-25
ACC2717,CUST1667,BR114,Business,6504.75,2024-10-17
ACC2718,CUST1405,BR120,Business,43181.5,2022-10-24
ACC2719,CUST1765,BR106,Business,20795.67,2019-06-14
ACC2720,CUST1646,BR113,Business,32282.28,2021-08-29
ACC2721,CUST1588,BR107,Business,26324.83,2023-09-10
ACC2722,CUST1033,BR103,Business,47012.09,2015-04-13
ACC2723,CUST1534,BR113,Checking,21047.53,2015-05-08
ACC2724,CUST1540,BR114,Business,22790.26,2019-12-25
ACC2725,CUST1675,BR108,Checking,43299.62,2020-07-24
ACC2726,CUST1789,BR110,Business,1034.36,2015-08-21
ACC2727,CUST1846,BR116,Checking,18539.39,2017-10-21
ACC2728,CUST1080,BR108,Savings,8657.77,2017-02-27
ACC2729,CUST1243,BR103,Business,20015.64,2023-05-13
ACC2730,CUST1924,BR113,Business,27001.52,2018-09-06
ACC2731,CUST1570,BR115,Business,24685.52,2024-01-15
ACC2732,CUST1765,BR107,Checking,40113.82,2019-06-18
ACC2733,CUST1128,BR112,Business,48033.01,2019-07-01
ACC2734,CUST1722,BR101,Business,34427.61,2017-02-12
ACC2735,CUST1906,BR105,Checking,34006.88,2022-10-04
ACC2736,CUST1641,BR106,Savings,32000.55,2019-09-04
ACC2737,CUST1598,BR107,Business,38797.37,2016-01-22
ACC2738,CUST1321,BR115,Checking,4043.62,2024-10-15
ACC2739,CUST1499,BR101,Business,49570.84,2019-03-30
ACC2740,CUST1937,BR116,Business,16493.41,2015-03-01
ACC2741,CUST1694,BR113,Savings,18615.12,2017-02-06
ACC2742,CUST1603,BR105,Business,47992.5,2020-03-02
ACC2743,CUST1125,BR110,Business,23315.12,2019-02-18
ACC2744,CUST1987,BR113,Savings,48989.91,2017-09-08
ACC2745,CUST1778,BR119,Savings,49649.43,2021-04-29
ACC2746,CUST1606,BR111,Checking,36116.53,2022-07-12
ACC2747,CUST1654,BR104,Savings,10936.25,2016-04-29
ACC2748,CUST1630,BR120,Checking,3335.61,2018-08-17
ACC2749,CUST1984,BR105,Business,35435.8,2023-06-18
ACC2750,CUST1796,BR105,Savings,39300.0,2018-03-11
ACC2751,CUST1774,BR108,Business,45798.91,2016-01-29
ACC2752,CUST1234,BR117,Business,35951.85,2022-11-08
ACC2753,CUST1136,BR119,Savings,26878.17,2016-11-11
ACC2754,CUST1829,BR109,Business,11292.98,2020-03-11
ACC2755,CUST1475,BR119,Business,43746.0,2016-04-03
ACC2756,CUST1943,BR102,Checking,3596.79,2015-08-31
ACC2757,CUST1428,BR119,Savings,39685.01,2019-01-25
ACC2758,CUST1689,BR111,Savings,17611.77,2020-06-15
ACC2759,CUST1139,BR103,Savings,38183.03,2022-10-20
ACC2760,CUST1482,BR111,Savings,34070.27,2020-12-05
ACC2761,CUST1639,BR108,Checking,32004.27,2022-09-13
ACC2762,CUST1440,BR113,Checking,24966.13,2020-02-29
ACC2763,CUST1605,BR116,Business,21405.0,2016-02-21
ACC2764,CUST1225,BR103,Savings,40902.39,2021-08-10
ACC2765,CUST1140,BR107,Business,9452.93,2018-05-06
ACC2766,CUST1425,BR118,Checking,22483.23,2015-04-23
ACC2767,CUST1421,BR108,Savings,39388.46,2015-11-04
ACC2768,CUST1821,BR112,Savings,38164.18,2017-05-12
ACC2769,CUST1545,BR118,Business,19676.9,2015-11-30
ACC2770,CUST1534,BR112,Savings,17966.02,2018-11-08
ACC2771,CUST1166,BR119,Savings,35514.09,2016-11-21
ACC2772,CUST1662,BR112,Savings,36700.9,2022-11-22
ACC2773,CUST1368,BR119,Checking,32865.47,2020-04-07
ACC2774,CUST1804,BR120,Checking,4914.48,2018-08-12
ACC2775,CUST1253,BR115,Business,25344.35,2023-04-29
ACC2776,CUST1182,BR108,Checking,2944.2,2018-05-16
ACC2777,CUST1044,BR115,Checking,43080.96,2023-02-09
ACC2778,CUST1388,BR114,Business,11424.55,2018-02-28
ACC2779,CUST1452,BR113,Checking,40993.45,2021-07-21
ACC2780,CUST1037,BR102,Savings,20357.62,2018-03-12
ACC2781,CUST1052,BR115,Savings,3557.78,2025-01-10
ACC2782,CUST1552,BR109,Checking,10338.37,2018-08-21
ACC2783,CUST1565,BR119,Business,23697.89,2015-04-24
ACC2784,CUST1323,BR115,Savings,17221.59,2024-04-12
ACC2785,CUST1131,BR115,Savings,38020.14,2022-10-27
ACC2786,CUST1012,BR106,Checking,22193.41,2018-01-27
ACC2787,CUST1902,BR101,Business,26004.97,2022-03-20
ACC2788,CUST1890,BR113,Business,34284.08,2023-01-17
ACC2789,CUST1977,BR111,Checking,15609.4,2016-04-11
ACC2790,CUST1804,BR114,Checking,42233.56,2017-02-15
ACC2791,CUST1939,BR101,Savings,49171.37,2024-07-02
ACC2792,CUST1025,BR106,Savings,34279.96,2015-10-10
ACC2793,CUST1733,BR116,Business,45343.94,2018-05-05
ACC2794,CUST1396,BR112,Savings,48559.45,2024-05-11
ACC2795,CUST1667,BR106,Savings,28363.66,2018-01-02
ACC2796,CUST1236,BR118,Business,34531.08,2018-07-30
ACC2797,CUST1582,BR108,Savings,8188.9,2023-01-03
ACC2798,CUST1116,BR107,Checking,14483.31,2020-01-16
ACC2799,CUST1080,BR119,Business,29431.38,2017-04-28
ACC2800,CUST1559,BR117,Checking,38633.3,2015-10-09
ACC2801,CUST1310,BR117,Business,29134.65,2016-10-11
ACC2802,CUST1295,BR113,Savings,5826.34,2020-05-11
ACC2803,CUST1057,BR108,Business,1806.23,2022-02-28
ACC2804,CUST1072,BR112,Checking,30760.08,2015-07-14
ACC2805,CUST1258,BR117,Checking,2544.59,2019-10-08
ACC2806,CUST1109,BR112,Savings,17636.34,2020-08-28
ACC2807,CUST1506,BR112,Checking,28844.38,2021-11-26
ACC2808,CUST1205,BR114,Checking,48514.81,2019-09-10
ACC2809,CUST1613,BR111,Business,31297.68,2017-02-13
ACC2810,CUST1117,BR101,Checking,16936.88,2022-01-19
ACC2811,CUST1709,BR111,Checking,40583.2,2019-11-27
ACC2812,CUST1347,BR103,Business,24595.63,2024-11-10
ACC2813,CUST1642,BR101,Savings,19253.92,2024-05-27
ACC2814,CUST1868,BR119,Savings,41430.72,2021-09-16
ACC2815,CUST1671,BR118,Business,22124.49,2023-01-18
ACC2816,CUST1607,BR105,Business,13707.21,2023-06-24
ACC2817,CUST1664,BR112,Savings,45214.58,2016-07-11
ACC2818,CUST1276,BR120,Business,7131.58,2023-11-15
ACC2819,CUST1150,BR115,Checking,8665.2,2017-08-05
ACC2820,CUST1936,BR119,Checking,36632.24,2023-05-05
ACC2821,CUST1811,BR107,Savings,2078.47,2015-05-04
ACC2822,CUST1084,BR101,Business,44078.04,2018-08-11
ACC2823,CUST1901,BR116,Savings,49870.41,2023-05-02
ACC2824,CUST1314,BR109,Business,19262.75,2021-07-13
ACC2825,CUST1382,BR101,Checking,23695.05,2020-01-30
ACC2826,CUST1966,BR111,Checking,38214.25,2018-09-02
ACC2827,CUST1755,BR108,Business,29535.36,2016-01-22
ACC2828,CUST1480,BR101,Checking,27959.29,2023-03-06
ACC2829,CUST1940,BR106,Savings,2399.99,2022-06-11
ACC2830,CUST1761,BR106,Checking,1076.79,2018-04-12
ACC2831,CUST1468,BR106,Savings,36506.55,2020-06-07
ACC2832,CUST1789,BR116,Savings,24900.61,2024-09-16
ACC2833,CUST1519,BR114,Savings,49144.89,2022-11-28
ACC2834,CUST1149,BR109,Checking,45169.96,2023-07-23
ACC2835,CUST1457,BR109,Checking,38953.47,2016-09-17
ACC2836,CUST1191,BR116,Checking,45659.52,2018-02-15
ACC2837,CUST1896,BR110,Business,16305.01,2019-05-08
ACC2838,CUST1981,BR105,Savings,4040.2,2024-08-24
ACC2839,CUST1459,BR109,Business,39660.51,2018-12-13
ACC2840,CUST1676,BR102,Checking,6568.81,2021-12-03
ACC2841,CUST1029,BR105,Savings,9012.89,2022-04-02
ACC2842,CUST1349,BR117,Savings,27330.27,2021-06-05
ACC2843,CUST1068,BR118,Savings,17426.4,2023-03-31
ACC2844,CUST1445,BR120,Savings,11527.8,2017-05-23
ACC2845,CUST1213,BR116,Savings,34446.06,2023-08-29
ACC2846,CUST1822,BR117,Savings,18399.6,2015-07-18
ACC2847,CUST1217,BR101,Checking,48435.6,2022-04-01
ACC2848,CUST1962,BR110,Checking,40282.85,2019-08-12
ACC2849,CUST1638,BR106,Savings,6647.64,2019-10-20
ACC2850,CUST1737,BR109,Checking,8878.45,2018-03-15
ACC2851,CUST1149,BR113,Savings,15602.91,2022-01-20
ACC2852,CUST1491,BR111,Business,22225.87,2022-02-08
ACC2853,CUST1454,BR107,Savings,22977.78,2019-12-09
ACC2854,CUST1942,BR106,Savings,30235.02,2022-10-21
ACC2855,CUST1405,BR101,Savings,32444.98,2021-10-01
ACC2856,CUST1627,BR103,Business,30441.94,2024-01-20
ACC2857,CUST1008,BR110,Savings,41435.48,2016-12-06
ACC2858,CUST1962,BR109,Checking,24891.72,2024-01-01
ACC2859,CUST1402,BR110,Checking,12287.15,2015-05-15
ACC2860,CUST1217,BR115,Checking,45916.48,2016-02-20
ACC2861,CUST1201,BR113,Business,27949.16,2018-09-06
ACC2862,CUST1516,BR111,Savings,35517.33,2015-07-27
ACC2863,CUST1925,BR109,Business,14890.12,2015-06-08
ACC2864,CUST1589,BR105,Savings,1903.0,2024-09-05
ACC2865,CUST1783,BR115,Savings,23087.27,2019-11-07
ACC2866,CUST1760,BR106,Business,21451.13,2018-02-24
ACC2867,CUST1125,BR111,Business,24312.69,2018-07-05
ACC2868,CUST1789,BR108,Checking,36670.91,2016-02-12
ACC2869,CUST1844,BR110,Savings,8937.55,2018-04-03
ACC2870,CUST1432,BR119,Savings,47043.58,2019-10-23
ACC2871,CUST1249,BR106,Savings,9200.98,2019-01-14
ACC2872,CUST1579,BR111,Savings,13117.42,2015-09-17
ACC2873,CUST1434,BR103,Business,3885.79,2016-12-27
ACC2874,CUST1955,BR109,Business,31906.31,2023-02-24
ACC2875,CUST1754,BR117,Business,19105.58,2016-05-15
ACC2876,CUST1169,BR105,Savings,19963.93,2016-05-14
ACC2877,CUST1566,BR107,Checking,629.79,2023-04-03
ACC2878,CUST1960,BR117,Checking,5465.59,2021-12-30
ACC2879,CUST1165,BR108,Savings,48057.89,2015-03-20
ACC2880,CUST1055,BR109,Checking,13199.96,2021-02-15
ACC2881,CUST1837,BR114,Savings,8395.28,2018-09-29
ACC2882,CUST1941,BR103,Business,23732.18,2021-10-01
ACC2883,CUST1528,BR118,Business,45932.63,2019-10-22
ACC2884,CUST1325,BR108,Checking,2754.05,2019-05-13
ACC2885,CUST1321,BR110,Savings,571.84,2020-07-15
ACC2886,CUST1850,BR114,Checking,3207.32,2015-10-09
ACC2887,CUST1165,BR112,Savings,33173.64,2020-10-29
ACC2888,CUST1804,BR107,Checking,31056.42,2016-04-20
ACC2889,CUST1936,BR120,Business,2584.15,2015-05-30
ACC2890,CUST1612,BR110,Checking,41383.84,2024-02-07
ACC2891,CUST1454,BR106,Business,5574.9,2024-04-14
ACC2892,CUST1886,BR113,Savings,22730.52,2016-03-26
ACC2893,CUST1342,BR117,Savings,15027.17,2018-05-05
ACC2894,CUST1455,BR102,Checking,3365.07,2024-12-31
ACC2895,CUST1365,BR101,Business,17056.81,2022-04-02
ACC2896,CUST1232,BR104,Business,49579.58,2022-07-14
ACC2897,CUST1381,BR116,Savings,10386.51,2020-02-09
ACC2898,CUST1695,BR106,Savings,12198.32,2018-04-20
ACC2899,CUST1712,BR112,Checking,13967.89,2019-12-21
ACC2900,CUST1189,BR109,Business,43066.53,2021-12-30
ACC2901,CUST1970,BR114,Business,4582.38,2018-04-22
ACC2902,CUST1248,BR106,Checking,35630.52,2023-03-08
ACC2903,CUST1407,BR106,Checking,14117.94,2017-12-15
ACC2904,CUST1914,BR114,Checking,49160.8,2018-12-10
ACC2905,CUST1017,BR114,Savings,1361.79,2019-04-22
ACC2906,CUST1043,BR110,Savings,27824.19,2020-09-05
ACC2907,CUST1778,BR117,Checking,47745.11,2016-11-29
ACC2908,CUST1573,BR118,Checking,33795.88,2018-04-12
ACC2909,CUST1371,BR116,Checking,12145.34,2016-09-09
ACC2910,CUST1114,BR120,Business,13151.97,2018-09-06
ACC2911,CUST1824,BR113,Checking,13741.37,2021-12-08
ACC2912,CUST1599,BR117,Business,8979.85,2021-08-12
ACC2913,CUST1625,BR107,Checking,22042.85,2015-09-11
ACC2914,CUST1398,BR114,Savings,2478.12,2019-04-11
ACC2915,CUST1366,BR111,Checking,17749.0,2019-04-28
ACC2916,CUST1856,BR106,Checking,15013.88,2017-10-30
ACC2917,CUST1952,BR101,Checking,10726.5,2015-10-04
ACC2918,CUST1954,BR117,Checking,45369.87,2017-05-12
ACC2919,CUST1858,BR116,Savings,5182.94,2022-05-05
ACC2920,CUST1567,BR103,Checking,34232.37,2019-09-20
ACC2921,CUST1961,BR106,Checking,49865.49,2022-01-25
ACC2922,CUST1897,BR119,Checking,41681.67,2025-01-18
ACC2923,CUST1702,BR117,Savings,22299.99,2025-01-14
ACC2924,CUST1903,BR101,Business,8870.31,2016-08-28
ACC2925,CUST1370,BR114,Savings,42522.84,2019-06-28
ACC2926,CUST1374,BR116,Savings,37864.05,2022-11-29
ACC2927,CUST1166,BR107,Savings,16905.59,2021-11-02
ACC2928,CUST1866,BR115,Savings,27900.95,2021-11-27
ACC2929,CUST1675,BR119,Checking,45859.37,2021-03-29
ACC2930,CUST1018,BR110,Savings,3622.77,2016-06-15
ACC2931,CUST1980,BR107,Savings,14304.74,2024-08-15
ACC2932,CUST1234,BR102,Savings,2083.82,2022-02-17
ACC2933,CUST1348,BR106,Savings,29989.22,2021-12-02
ACC2934,CUST1485,BR110,Savings,45368.48,2022-01-16
ACC2935,CUST1798,BR115,Savings,22088.79,2019-06-11
ACC2936,CUST1461,BR115,Checking,18375.84,2020-05-21
ACC2937,CUST1986,BR102,Checking,11478.2,2024-01-15
ACC2938,CUST1524,BR110,Checking,17078.25,2017-01-11
ACC2939,CUST1675,BR115,Checking,41188.02,2019-04-07
ACC2940,CUST1760,BR106,Savings,16636.99,2019-11-13
ACC2941,CUST1204,BR116,Checking,26582.99,2019-11-09
ACC2942,CUST1943,BR105,Checking,19653.81,2023-02-19
ACC2943,CUST1123,BR103,Savings,29663.19,2024-10-07
ACC2944,CUST1716,BR120,Business,37430.83,2020-07-28
ACC2945,CUST1089,BR103,Business,44319.95,2015-11-12
ACC2946,CUST1329,BR110,Business,9099.24,2018-07-04
ACC2947,CUST1997,BR102,Checking,9598.1,2018-02-23
ACC2948,CUST1746,BR107,Business,14022.35,2024-11-07
ACC2949,CUST1943,BR102,Checking,3934.35,2021-08-21
ACC2950,CUST1613,BR107,Savings,39715.54,2021-01-08
ACC2951,CUST1609,BR108,Checking,27516.33,2022-10-11
ACC2952,CUST1522,BR115,Business,21015.24,2016-12-31
ACC2953,CUST1441,BR102,Savings,3641.96,2020-07-15
ACC2954,CUST1951,BR113,Checking,44397.39,2024-11-22
ACC2955,CUST1023,BR106,Checking,18804.37,2025-01-11
ACC2956,CUST1975,BR113,Checking,36878.33,2023-02-04
ACC2957,CUST1773,BR105,Savings,33776.18,2017-06-01
ACC2958,CUST1591,BR119,Checking,14465.48,2018-04-08
ACC2959,CUST1651,BR107,Business,24584.02,2016-11-06
ACC2960,CUST1438,BR120,Savings,44055.84,2017-11-08
ACC2961,CUST1353,BR104,Business,40200.18,2023-09-25
ACC2962,CUST1826,BR117,Checking,21349.78,2024-03-19
ACC2963,CUST1840,BR108,Business,7424.14,2024-07-09
ACC2964,CUST1324,BR109,Checking,20666.19,2015-06-23
ACC2965,CUST1906,BR110,Business,17859.2,2017-04-24
ACC2966,CUST1800,BR116,Checking,20809.37,2023-09-12
ACC2967,CUST1813,BR109,Checking,42253.82,2020-03-17
ACC2968,CUST1349,BR101,Savings,8905.04,2015-06-11
ACC2969,CUST1902,BR105,Business,729.09,2017-06-20
ACC2970,CUST1653,BR104,Savings,2414.92,2022-07-17
ACC2971,CUST1461,BR115,Savings,35276.55,2018-05-13
ACC2972,CUST1022,BR101,Savings,26077.0,2022-08-14
ACC2973,CUST1874,BR103,Savings,13046.25,2015-12-27
ACC2974,CUST1191,BR102,Savings,30854.13,2020-03-14
ACC2975,CUST1263,BR106,Checking,22392.08,2024-01-14
ACC2976,CUST1775,BR108,Savings,44236.29,2023-05-06
ACC2977,CUST1358,BR119,Savings,9439.13,2023-08-23
ACC2978,CUST1158,BR106,Checking,48461.58,2022-12-24
ACC2979,CUST1506,BR101,Checking,19636.48,2015-03-23
ACC2980,CUST1502,BR109,Business,49708.2,2024-01-17
ACC2981,CUST1585,BR105,Business,28680.36,2016-11-24
ACC2982,CUST1512,BR107,Business,48449.21,2015-07-23
ACC2983,CUST1745,BR113,Checking,9728.57,2022-10-03
ACC2984,CUST1203,BR103,Checking,33659.56,2015-09-06
ACC2985,CUST1655,BR103,Business,19503.32,2023-12-26
ACC2986,CUST1398,BR119,Checking,32600.76,2018-05-08
ACC2987,CUST1021,BR116,Savings,44519.31,2021-01-17
ACC2988,CUST1833,BR116,Business,7097.69,2021-11-27
ACC2989,CUST1207,BR117,Business,14349.58,2016-07-10
ACC2990,CUST1303,BR120,Savings,39936.47,2016-08-04
ACC2991,CUST1300,BR101,Savings,4268.54,2023-08-19
ACC2992,CUST1533,BR118,Checking,1017.42,2024-02-12
ACC2993,CUST1845,BR118,Checking,18791.32,2020-11-23
ACC2994,CUST1422,BR104,Checking,36136.0,2022-03-10
ACC2995,CUST1330,BR117,Business,28417.8,2020-06-23
ACC2996,CUST1327,BR111,Business,1816.3,2023-07-01
ACC2997,CUST1235,BR114,Savings,49350.98,2015-08-03
ACC2998,CUST1161,BR109,Business,46887.14,2018-07-27
ACC2999,CUST1308,BR105,Savings,46489.41,2021-04-14
ACC3000,CUST1515,BR114,Checking,29559.47,2020-02-21
ACC3001,CUST1251,BR106,Business,42297.19,2019-07-07
ACC3002,CUST1623,BR117,Savings,28545.69,2022-12-24
ACC3003,CUST1596,BR110,Business,44830.39,2017-02-13
ACC3004,CUST1174,BR102,Checking,5810.57,2023-07-12
ACC3005,CUST1406,BR117,Savings,28421.82,2015-12-05
ACC3006,CUST1640,BR120,Savings,37096.24,2020-09-25
ACC3007,CUST1856,BR103,Checking,15508.91,2020-11-04
ACC3008,CUST1760,BR111,Checking,18861.58,2018-03-22
ACC3009,CUST1936,BR110,Checking,41379.65,2022-10-30
ACC3010,CUST1621,BR115,Checking,6834.69,2019-10-23
ACC3011,CUST1527,BR112,Savings,1109.89,2015-10-10
ACC3012,CUST1408,BR115,Checking,35778.1,2016-01-14
ACC3013,CUST1955,BR111,Business,1972.56,2025-01-10
ACC3014,CUST1729,BR115,Business,3192.12,2020-07-30
ACC3015,CUST1480,BR113,Checking,12784.85,2024-03-26
ACC3016,CUST1109,BR103,Savings,30967.95,2018-06-13
ACC3017,CUST1704,BR112,Business,22689.09,2019-04-25
ACC3018,CUST1982,BR107,Checking,45827.71,2024-08-31
ACC3019,CUST1837,BR112,Checking,3823.38,2023-05-22
ACC3020,CUST1210,BR112,Business,778.77,2015-08-12
ACC3021,CUST1084,BR111,Savings,24886.47,2015-04-27
ACC3022,CUST1480,BR103,Savings,22200.3,2017-01-04
ACC3023,CUST1227,BR109,Business,33521.99,2023-01-28
ACC3024,CUST1240,BR108,Checking,8837.98,2019-12-27
ACC3025,CUST1462,BR108,Savings,7450.01,2019-10-22
ACC3026,CUST1563,BR120,Business,8847.5,2024-09-16
ACC3027,CUST1854,BR106,Checking,3509.28,2015-09-26
ACC3028,CUST1635,BR103,Business,6670.98,2016-09-21
ACC3029,CUST1166,BR119,Savings,20613.31,2021-07-30
ACC3030,CUST1930,BR111,Checking,34166.59,2021-06-21
ACC3031,CUST1606,BR115,Savings,34272.23,2015-10-19
ACC3032,CUST1995,BR117,Savings,9723.43,2018-02-01
ACC3033,CUST1417,BR111,Checking,25941.16,2017-07-23
ACC3034,CUST1712,BR101,Business,23162.06,2016-08-07
ACC3035,CUST1539,BR115,Business,38587.71,2018-03-21
ACC3036,CUST1309,BR118,Business,4591.33,2021-09-17
ACC3037,CUST1283,BR109,Savings,25843.07,2015-08-15
ACC3038,CUST1209,BR116,Checking,33052.17,2016-10-24
ACC3039,CUST1631,BR119,Checking,28894.01,2016-10-21
ACC3040,CUST1736,BR111,Savings,40282.58,2022-12-21
ACC3041,CUST1899,BR104,Checking,26838.34,2022-06-01
ACC3042,CUST1091,BR105,Checking,24241.18,2021-12-10
ACC3043,CUST1505,BR119,Savings,42205.43,2017-05-14
ACC3044,CUST1566,BR102,Business,38365.83,2024-03-09
ACC3045,CUST1500,BR115,Checking,34095.57,2021-01-24
ACC3046,CUST1907,BR101,Business,27108.08,2020-01-24
ACC3047,CUST1075,BR115,Checking,42034.57,2022-03-25
ACC3048,CUST1262,BR120,Business,15130.3,2019-10-15
ACC3049,CUST1787,BR118,Checking,2529.23,2022-03-17
ACC3050,CUST1854,BR111,Checking,25016.95,2021-11-19
ACC3051,CUST1267,BR118,Checking,13746.88,2022-07-05
ACC3052,CUST1101,BR118,Savings,15706.89,2023-06-02
ACC3053,CUST1631,BR116,Savings,40739.63,2022-03-18
ACC3054,CUST1998,BR114,Business,33981.33,2021-03-10
ACC3055,CUST1456,BR117,Savings,28177.88,2023-07-05
ACC3056,CUST1367,BR112,Savings,44091.6,2018-01-29
ACC3057,CUST1907,BR116,Savings,7830.38,2019-04-30
ACC3058,CUST1998,BR109,Savings,18941.85,2017-04-25
ACC3059,CUST1527,BR113,Checking,43592.63,2024-06-16
ACC3060,CUST1194,BR103,Business,24992.43,2015-12-26
ACC3061,CUST1993,BR102,Checking,38821.88,2015-12-13
ACC3062,CUST1161,BR116,Savings,30079.53,2024-11-26
ACC3063,CUST1148,BR114,Business,7980.38,2024-06-24
ACC3064,CUST1580,BR104,Checking,25506.6,2015-05-20
ACC3065,CUST1031,BR115,Savings,30706.52,2021-10-26
ACC3066,CUST1190,BR116,Checking,36010.41,2015-10-11
ACC3067,CUST1047,BR112,Checking,48231.14,2024-07-28
ACC3068,CUST1122,BR101,Checking,37682.58,2024-06-29
ACC3069,CUST1420,BR118,Savings,2362.04,2016-08-01
ACC3070,CUST1285,BR101,Business,9799.01,2020-10-01
ACC3071,CUST1392,BR115,Savings,10965.53,2017-03-30
ACC3072,CUST1294,BR113,Savings,5074.97,2022-09-01
ACC3073,CUST1001,BR116,Savings,17920.91,2023-07-08
ACC3074,CUST1387,BR109,Checking,33217.69,2017-01-04
ACC3075,CUST1900,BR112,Checking,2242.29,2022-12-15
ACC3076,CUST1330,BR112,Checking,10023.15,2017-03-30
ACC3077,CUST1223,BR104,Business,40814.61,2016-02-18
ACC3078,CUST1651,BR109,Savings,34401.24,2017-02-17
ACC3079,CUST1798,BR105,Business,12121.23,2021-03-18
ACC3080,CUST1098,BR104,Savings,13100.04,2023-09-22
ACC3081,CUST1205,BR111,Savings,31704.49,2019-08-20
ACC3082,CUST1286,BR117,Business,13254.06,2020-02-19
ACC3083,CUST1839,BR105,Business,43229.31,2016-06-07
ACC3084,CUST1761,BR102,Checking,9171.84,2017-01-03
ACC3085,CUST1127,BR108,Business,45683.57,2019-12-21
ACC3086,CUST1268,BR107,Business,7446.1,2018-08-22
ACC3087,CUST1121,BR106,Business,23313.53,2018-04-13
ACC3088,CUST1859,BR114,Checking,47616.33,2015-07-15
ACC3089,CUST1533,BR111,Business,32788.2,2023-11-29
ACC3090,CUST1593,BR108,Checking,31719.18,2023-11-25
ACC3091,CUST1084,BR101,Business,40012.09,2019-09-28
ACC3092,CUST1315,BR111,Checking,8065.12,2021-05-05
ACC3093,CUST1308,BR116,Savings,14344.4,2016-04-16
ACC3094,CUST1974,BR101,Savings,31327.87,2015-12-05
ACC3095,CUST1835,BR110,Business,24268.49,2020-05-18
ACC3096,CUST1820,BR104,Checking,3909.51,2017-08-18
ACC3097,CUST1699,BR101,Savings,2393.46,2015-05-31
ACC3098,CUST1753,BR114,Checking,26714.32,2022-11-02
ACC3099,CUST1857,BR110,Savings,16511.32,2015-04-20
ACC3100,CUST1118,BR101,Business,35826.71,2018-04-02
ACC3101,CUST1169,BR116,Business,5491.31,2024-06-06
ACC3102,CUST1955,BR104,Savings,7227.57,2017-05-08
ACC3103,CUST1571,BR111,Savings,26003.21,2017-05-01
ACC3104,CUST1394,BR110,Business,16356.89,2023-11-28
ACC3105,CUST1091,BR108,Savings,9366.59,2023-02-01
ACC3106,CUST1655,BR103,Business,24639.11,2022-08-05
ACC3107,CUST1949,BR102,Checking,12826.33,2020-04-27
ACC3108,CUST1018,BR106,Business,41644.22,2022-10-07
ACC3109,CUST1980,BR109,Savings,3611.05,2018-09-11
ACC3110,CUST1918,BR110,Checking,33694.55,2018-09-04
ACC3111,CUST1820,BR115,Checking,37500.97,2019-12-31
ACC3112,CUST1100,BR115,Checking,11278.06,2017-08-11
ACC3113,CUST1763,BR111,Checking,26529.91,2017-10-20
ACC3114,CUST1508,BR108,Checking,31497.31,2019-09-04
ACC3115,CUST1365,BR104,Savings,37194.43,2015-08-14
ACC3116,CUST1096,BR117,Savings,36312.62,2016-01-12
ACC3117,CUST1860,BR117,Business,28093.26,2015-02-19
ACC3118,CUST1758,BR111,Checking,19653.83,2024-10-28
ACC3119,CUST1351,BR114,Savings,3811.28,2022-04-26
ACC3120,CUST1225,BR119,Checking,15230.09,2016-12-21
ACC3121,CUST1374,BR110,Checking,32101.79,2015-09-04
ACC3122,CUST1983,BR116,Checking,20443.52,2023-10-04
ACC3123,CUST1864,BR111,Business,38664.71,2018-07-29
ACC3124,CUST1846,BR103,Business,35224.85,2023-03-17
ACC3125,CUST1764,BR110,Business,25661.01,2018-07-02
ACC3126,CUST1701,BR101,Business,46658.3,2024-06-15
ACC3127,CUST1724,BR119,Checking,19831.21,2020-12-21
ACC3128,CUST1024,BR114,Savings,13520.7,2021-03-10
ACC3129,CUST1481,BR108,Business,11998.23,2016-08-07
ACC3130,CUST1608,BR116,Checking,41606.86,2021-06-29
ACC3131,CUST1899,BR101,Business,35014.84,2015-09-15
ACC3132,CUST1381,BR103,Savings,37352.45,2021-08-06
ACC3133,CUST1649,BR112,Business,40816.85,2019-04-13
ACC3134,CUST1980,BR117,Savings,1383.14,2024-08-21
ACC3135,CUST1089,BR118,Savings,1041.67,2017-12-20
ACC3136,CUST1321,BR113,Business,46390.11,2016-09-16
ACC3137,CUST1412,BR101,Checking,7093.66,2024-01-09
ACC3138,CUST1113,BR118,Checking,35963.17,2017-09-09
ACC3139,CUST1504,BR110,Business,27183.91,2022-08-14
ACC3140,CUST1081,BR112,Checking,33657.36,2023-12-23
ACC3141,CUST1467,BR116,Business,31972.22,2021-01-31
ACC3142,CUST1784,BR120,Checking,15875.96,2023-02-23
ACC3143,CUST1471,BR107,Savings,17343.08,2019-05-03
ACC3144,CUST1131,BR117,Checking,28703.97,2022-01-30
ACC3145,CUST1075,BR117,Business,29102.32,2018-08-10
ACC3146,CUST1128,BR115,Checking,15937.5,2021-06-25
ACC3147,CUST1907,BR105,Savings,23729.46,2024-01-31
ACC3148,CUST1950,BR120,Savings,9728.28,2018-03-31
ACC3149,CUST1045,BR102,Business,22262.95,2022-02-05
ACC3150,CUST1785,BR101,Checking,43380.9,2023-08-08
ACC3151,CUST1485,BR114,Savings,49879.3,2019-03-12
ACC3152,CUST1395,BR118,Savings,15743.22,2024-10-25
ACC3153,CUST1573,BR117,Checking,20668.24,2017-09-28
ACC3154,CUST1459,BR106,Business,30100.01,2016-10-02
ACC3155,CUST1309,BR115,Savings,15423.76,2023-09-13
ACC3156,CUST1726,BR118,Savings,26175.74,2022-12-26
ACC3157,CUST1064,BR110,Savings,25036.22,2018-09-27
ACC3158,CUST1320,BR117,Checking,36457.8,2021-10-07
ACC3159,CUST1149,BR105,Checking,21811.24,2024-03-10
ACC3160,CUST1292,BR107,Checking,37722.82,2023-06-18
ACC3161,CUST1944,BR111,Business,16879.55,2016-04-04
ACC3162,CUST1487,BR112,Savings,17208.0,2016-06-16
ACC3163,CUST1098,BR104,Business,22798.01,2018-11-10
ACC3164,CUST1382,BR118,Checking,16097.83,2017-03-05
ACC3165,CUST1888,BR106,Business,29735.25,2015-12-03
ACC3166,CUST1456,BR117,Savings,12276.22,2021-10-10
ACC3167,CUST1113,BR103,Savings,30514.26,2015-08-08
ACC3168,CUST1385,BR109,Checking,11297.63,2022-07-17
ACC3169,CUST1223,BR110,Savings,32936.01,2017-01-04
ACC3170,CUST1152,BR102,Checking,14314.14,2024-02-25
ACC3171,CUST1386,BR120,Savings,1984.84,2022-04-29
ACC3172,CUST1472,BR101,Business,38524.75,2017-11-03
ACC3173,CUST1998,BR116,Checking,46275.7,2018-02-27
ACC3174,CUST1617,BR114,Checking,1700.77,2022-12-04
ACC3175,CUST1506,BR104,Savings,35935.12,2024-11-05
ACC3176,CUST1072,BR103,Checking,46569.62,2023-08-04
ACC3177,CUST1441,BR114,Savings,36151.12,2018-01-29
ACC3178,CUST1038,BR105,Checking,49983.73,2015-05-21
ACC3179,CUST1540,BR108,Checking,22588.2,2020-04-12
ACC3180,CUST1594,BR118,Business,34832.39,2016-08-04
ACC3181,CUST1633,BR102,Checking,29319.04,2016-06-29
ACC3182,CUST1910,BR101,Savings,14032.94,2025-01-28
ACC3183,CUST1024,BR116,Savings,35313.08,2018-04-29
ACC3184,CUST1099,BR110,Savings,34237.61,2021-05-31
ACC3185,CUST1699,BR111,Savings,23586.84,2017-08-14
ACC3186,CUST1691,BR105,Business,34027.07,2020-09-30
ACC3187,CUST1578,BR116,Checking,4229.66,2020-08-03
ACC3188,CUST1836,BR107,Savings,16256.05,2022-01-03
ACC3189,CUST1234,BR101,Business,14100.03,2018-11-16
ACC3190,CUST1948,BR118,Checking,8129.47,2024-12-19
ACC3191,CUST1114,BR107,Business,46815.24,2018-06-02
ACC3192,CUST1169,BR109,Business,21312.53,2020-03-19
ACC3193,CUST1803,BR101,Business,3321.41,2022-05-19
ACC3194,CUST1641,BR111,Business,5283.29,2024-09-13
ACC3195,CUST1248,BR119,Checking,10438.93,2016-12-22
ACC3196,CUST1712,BR113,Savings,45428.84,2018-08-15
ACC3197,CUST1482,BR113,Checking,49040.53,2017-03-25
ACC3198,CUST1519,BR109,Business,11032.77,2022-12-29
ACC3199,CUST1201,BR109,Savings,39428.14,2022-05-03
ACC3200,CUST1830,BR106,Checking,11528.22,2022-06-27
ACC3201,CUST1833,BR107,Checking,36868.95,2016-12-02
ACC3202,CUST1914,BR102,Checking,45128.03,2024-01-03
ACC3203,CUST1187,BR110,Checking,1783.11,2020-05-13
ACC3204,CUST1029,BR103,Business,34590.4,2022-05-01
ACC3205,CUST1581,BR101,Savings,27075.75,2016-09-29
ACC3206,CUST1581,BR119,Savings,8842.2,2017-06-06
ACC3207,CUST1414,BR109,Checking,10765.18,2018-11-27
ACC3208,CUST1731,BR116,Business,43277.97,2021-07-26
ACC3209,CUST1949,BR112,Business,28403.83,2021-01-29
ACC3210,CUST1383,BR117,Savings,20885.27,2019-08-01
ACC3211,CUST1113,BR111,Checking,25670.7,2016-03-31
ACC3212,CUST1577,BR115,Checking,11389.81,2021-01-16
ACC3213,CUST1440,BR110,Savings,44602.14,2018-02-14
ACC3214,CUST1776,BR101,Checking,44784.96,2016-03-15
ACC3215,CUST1553,BR106,Business,18271.58,2020-03-02
ACC3216,CUST1287,BR120,Checking,31039.02,2020-01-02
ACC3217,CUST1340,BR102,Savings,20573.16,2024-03-10
ACC3218,CUST1953,BR115,Checking,47035.83,2025-02-15
ACC3219,CUST1275,BR116,Business,33807.06,2019-01-09
ACC3220,CUST1627,BR111,Business,41505.56,2019-11-25
ACC3221,CUST1753,BR118,Savings,24692.63,2019-09-13
ACC3222,CUST1623,BR107,Checking,4269.19,2020-10-21
ACC3223,CUST1358,BR110,Business,2066.23,2021-10-02
ACC3224,CUST1197,BR102,Business,48599.06,2020-04-28
ACC3225,CUST1312,BR118,Checking,2240.13,2020-03-14
ACC3226,CUST1059,BR104,Checking,22894.3,2023-09-04
ACC3227,CUST1849,BR114,Savings,20594.81,2022-11-26
ACC3228,CUST1179,BR113,Checking,10359.65,2021-12-31
ACC3229,CUST1176,BR108,Business,14723.91,2021-12-26
ACC3230,CUST1349,BR101,Business,19180.06,2019-01-01
ACC3231,CUST1182,BR114,Checking,8490.57,2020-03-29
ACC3232,CUST1222,BR106,Savings,32016.83,2015-08-01
ACC3233,CUST1335,BR106,Savings,33602.75,2022-09-13
ACC3234,CUST1771,BR108,Savings,43034.75,2019-06-29
ACC3235,CUST1871,BR103,Checking,42966.76,2016-12-17
ACC3236,CUST1975,BR108,Business,27899.49,2019-06-17
ACC3237,CUST1495,BR113,Checking,31930.8,2019-06-21
ACC3238,CUST1763,BR106,Checking,3825.92,2024-07-01
ACC3239,CUST1231,BR117,Savings,38534.3,2022-07-17
ACC3240,CUST1935,BR111,Checking,21356.49,2021-10-01
ACC3241,CUST1606,BR108,Business,27917.56,2019-11-03
ACC3242,CUST1868,BR102,Business,15774.44,2018-07-18
ACC3243,CUST1468,BR105,Checking,40806.53,2024-03-11
ACC3244,CUST1757,BR118,Checking,14633.54,2018-03-11
ACC3245,CUST1064,BR115,Savings,17662.98,2017-03-25
ACC3246,CUST1319,BR116,Checking,10594.13,2021-10-18
ACC3247,CUST1460,BR119,Checking,3263.73,2022-11-20
ACC3248,CUST1719,BR118,Business,20013.87,2016-05-02
ACC3249,CUST1656,BR101,Checking,1933.92,2019-07-02
ACC3250,CUST1714,BR116,Business,47348.04,2017-10-28
ACC3251,CUST1749,BR115,Business,38465.78,2020-01-25
ACC3252,CUST1079,BR103,Checking,37099.02,2024-03-29
ACC3253,CUST1240,BR101,Checking,24089.36,2019-07-17
ACC3254,CUST1427,BR110,Savings,41816.46,2024-01-27
ACC3255,CUST1834,BR107,Business,29712.24,2018-04-30
ACC3256,CUST1603,BR112,Business,2289.12,2018-12-27
ACC3257,CUST1309,BR106,Savings,48148.63,2019-04-10
ACC3258,CUST1503,BR109,Business,1052.0,2016-09-18
ACC3259,CUST1287,BR113,Business,40425.62,2015-06-12
ACC3260,CUST1261,BR108,Checking,29068.72,2022-05-20
ACC3261,CUST1294,BR101,Business,46140.78,2023-04-26
ACC3262,CUST1500,BR110,Savings,39163.62,2018-09-04
ACC3263,CUST1904,BR110,Business,22128.24,2017-05-19
ACC3264,CUST1808,BR105,Business,18833.48,2019-09-16
ACC3265,CUST1304,BR112,Savings,12510.29,2016-03-01
ACC3266,CUST1360,BR103,Business,5676.88,2022-11-26
ACC3267,CUST1322,BR112,Business,9251.32,2019-04-10
ACC3268,CUST1654,BR112,Business,25048.99,2015-11-17
ACC3269,CUST1824,BR108,Business,11659.41,2020-06-10
ACC3270,CUST1846,BR119,Business,27334.63,2018-08-03
ACC3271,CUST1495,BR120,Checking,19232.83,2022-12-10
ACC3272,CUST1212,BR105,Checking,36437.45,2023-05-18
ACC3273,CUST1999,BR108,Business,43300.52,2018-03-25
ACC3274,CUST1954,BR111,Checking,48474.7,2021-03-10
ACC3275,CUST1642,BR115,Savings,28476.4,2024-03-10
ACC3276,CUST1862,BR114,Checking,40817.34,2020-11-04
ACC3277,CUST1348,BR111,Business,28523.75,2017-11-17
ACC3278,CUST1169,BR107,Business,3549.73,2022-11-10
ACC3279,CUST1676,BR119,Savings,36064.42,2016-10-03
ACC3280,CUST1466,BR119,Checking,36632.66,2024-09-23
ACC3281,CUST1051,BR114,Business,46898.9,2024-09-03
ACC3282,CUST1604,BR113,Savings,32322.54,2021-03-09
ACC3283,CUST1839,BR116,Checking,36342.73,2017-09-23
ACC3284,CUST1745,BR117,Checking,32291.73,2024-11-04
ACC3285,CUST1123,BR105,Savings,3215.75,2017-09-06
ACC3286,CUST1933,BR113,Business,1939.36,2020-06-14
ACC3287,CUST1425,BR108,Savings,38913.05,2018-12-07
ACC3288,CUST1216,BR113,Savings,14077.98,2021-06-30
ACC3289,CUST1674,BR113,Checking,35533.46,2017-05-03
ACC3290,CUST1515,BR116,Checking,40574.82,2018-02-10
ACC3291,CUST1004,BR102,Checking,41513.46,2019-06-24
ACC3292,CUST1534,BR118,Savings,20199.82,2020-10-11
ACC3293,CUST1606,BR104,Business,15986.3,2019-07-17
ACC3294,CUST1842,BR109,Checking,36051.84,2018-01-16
ACC3295,CUST1627,BR110,Savings,23032.11,2015-08-13
ACC3296,CUST1222,BR106,Checking,7563.27,2022-06-17
ACC3297,CUST1578,BR115,Savings,36177.61,2016-06-13
ACC3298,CUST1649,BR115,Business,16411.52,2019-09-19
ACC3299,CUST1208,BR106,Checking,46629.6,2022-01-21
ACC3300,CUST1571,BR119,Checking,39675.91,2023-08-20
ACC3301,CUST1522,BR113,Business,45027.65,2023-06-12
ACC3302,CUST1178,BR103,Savings,48637.97,2018-07-14
ACC3303,CUST1022,BR108,Savings,24170.76,2017-05-23
ACC3304,CUST1575,BR116,Checking,5705.38,2023-01-01
ACC3305,CUST1576,BR101,Checking,18476.56,2022-08-28
ACC3306,CUST1963,BR114,Checking,46804.93,2015-07-02
ACC3307,CUST1028,BR108,Business,44682.64,2023-11-26
ACC3308,CUST1232,BR102,Checking,33273.3,2017-01-29
ACC3309,CUST1735,BR101,Savings,10559.25,2024-07-31
ACC3310,CUST1931,BR111,Business,33223.0,2017-06-05
ACC3311,CUST1423,BR111,Checking,31728.83,2017-08-10
ACC3312,CUST1120,BR105,Checking,3000.9,2021-03-16
ACC3313,CUST1750,BR112,Checking,32662.35,2022-09-24
ACC3314,CUST1105,BR101,Business,16366.4,2019-03-15
ACC3315,CUST1282,BR102,Checking,46027.83,2016-07-12
ACC3316,CUST1214,BR114,Savings,17784.08,2018-02-09
ACC3317,CUST1712,BR109,Checking,15604.45,2017-05-01
ACC3318,CUST1878,BR119,Savings,44295.23,2020-10-25
ACC3319,CUST1349,BR113,Checking,26180.79,2016-01-25
ACC3320,CUST1456,BR101,Checking,11412.45,2018-02-09
ACC3321,CUST1742,BR103,Savings,5149.51,2016-08-05
ACC3322,CUST1231,BR115,Checking,9803.3,2018-11-16
ACC3323,CUST1267,BR108,Business,31196.9,2016-08-14
ACC3324,CUST1623,BR104,Business,1309.09,2017-09-29
ACC3325,CUST1820,BR119,Business,18068.44,2021-05-13
ACC3326,CUST1867,BR110,Business,16996.01,2017-12-02
ACC3327,CUST1139,BR115,Business,22671.08,2023-05-24
ACC3328,CUST1232,BR118,Checking,11957.02,2016-07-22
ACC3329,CUST1436,BR105,Checking,40218.26,2022-07-19
ACC3330,CUST1698,BR111,Business,21846.31,2016-02-17
ACC3331,CUST1374,BR101,Savings,29211.07,2022-05-19
ACC3332,CUST1405,BR114,Savings,22506.63,2023-03-26
ACC3333,CUST1046,BR119,Checking,27558.81,2015-09-01
ACC3334,CUST1783,BR119,Savings,12679.68,2015-04-21
ACC3335,CUST1256,BR116,Business,25517.55,2023-02-06
ACC3336,CUST1146,BR113,Checking,12938.97,2018-01-30
ACC3337,CUST1223,BR115,Savings,21976.49,2018-09-03
ACC3338,CUST1098,BR109,Checking,14820.62,2017-12-13
ACC3339,CUST1977,BR109,Checking,12115.38,2024-08-17
ACC3340,CUST1581,BR111,Savings,45990.81,2022-10-22
ACC3341,CUST1337,BR113,Checking,45706.93,2022-07-15
ACC3342,CUST1343,BR115,Checking,11405.51,2016-04-16
ACC3343,CUST1837,BR120,Checking,40233.85,2023-10-27
ACC3344,CUST1263,BR109,Checking,17205.25,2015-11-30
ACC3345,CUST1587,BR120,Savings,10852.21,2024-12-04
ACC3346,CUST1269,BR115,Business,24670.9,2018-05-13
ACC3347,CUST1484,BR103,Savings,4962.5,2024-02-27
ACC3348,CUST1248,BR114,Checking,42996.61,2022-12-12
ACC3349,CUST1836,BR118,Business,36707.76,2019-05-10
ACC3350,CUST1486,BR120,Savings,37534.43,2020-10-06
ACC3351,CUST1689,BR120,Savings,25477.14,2023-06-26
ACC3352,CUST1313,BR108,Savings,7799.79,2024-10-26
ACC3353,CUST1991,BR107,Checking,31621.89,2024-03-13
ACC3354,CUST1384,BR120,Checking,30147.9,2021-05-08
ACC3355,CUST1350,BR115,Business,10443.99,2021-06-12
ACC3356,CUST1024,BR109,Savings,44428.43,2022-01-17
ACC3357,CUST1574,BR113,Savings,5458.7,2022-08-20
ACC3358,CUST1094,BR104,Checking,42425.7,2016-06-25
ACC3359,CUST1044,BR104,Savings,40268.42,2017-03-28
ACC3360,CUST1140,BR101,Savings,24007.4,2017-06-14
ACC3361,CUST1651,BR108,Business,31040.33,2022-08-27
ACC3362,CUST1466,BR116,Checking,15601.0,2023-08-27
ACC3363,CUST1611,BR114,Checking,42882.64,2018-07-01
ACC3364,CUST1462,BR103,Savings,39324.15,2017-08-15
ACC3365,CUST1973,BR106,Business,14911.9,2024-02-29
ACC3366,CUST1066,BR113,Savings,40430.49,2020-05-22
ACC3367,CUST1369,BR114,Savings,5898.15,2016-02-16
ACC3368,CUST1479,BR107,Checking,19586.15,2023-06-05
ACC3369,CUST1891,BR120,Savings,11981.53,2023-04-23
ACC3370,CUST1437,BR120,Checking,22479.9,2021-07-27
ACC3371,CUST1295,BR120,Savings,16333.59,2018-12-04
ACC3372,CUST1977,BR112,Business,44992.6,2024-05-27
ACC3373,CUST1819,BR101,Savings,25258.98,2021-03-16
ACC3374,CUST1750,BR117,Checking,35900.9,2019-01-06
ACC3375,CUST1928,BR108,Business,24181.96,2022-10-02
ACC3376,CUST1867,BR113,Business,6462.13,2018-10-27
ACC3377,CUST1829,BR112,Savings,18095.62,2021-07-28
ACC3378,CUST1126,BR101,Savings,24237.47,2020-12-09
ACC3379,CUST1438,BR112,Business,25250.89,2021-02-12
ACC3380,CUST1014,BR118,Savings,41687.06,2015-10-13
ACC3381,CUST1876,BR119,Checking,19628.86,2022-02-16
ACC3382,CUST1273,BR104,Checking,47946.59,2020-11-09
ACC3383,CUST1159,BR102,Checking,45936.25,2018-07-01
ACC3384,CUST1404,BR119,Business,34564.99,2017-06-29
ACC3385,CUST1940,BR119,Checking,44381.48,2019-12-17
ACC3386,CUST1015,BR117,Savings,48549.6,2024-12-14
ACC3387,CUST1203,BR120,Savings,26274.1,2023-02-17
ACC3388,CUST1131,BR116,Checking,520.8,2021-02-28
ACC3389,CUST1026,BR103,Business,33162.11,2022-06-25
ACC3390,CUST1386,BR107,Checking,28127.69,2015-10-11
ACC3391,CUST1773,BR102,Savings,26478.97,2017-03-15
ACC3392,CUST1949,BR111,Checking,33439.47,2018-08-21
ACC3393,CUST1420,BR116,Checking,25927.24,2022-03-04
ACC3394,CUST1531,BR112,Savings,1333.3,2022-11-27
ACC3395,CUST1291,BR109,Checking,8489.11,2022-07-08
ACC3396,CUST1182,BR105,Checking,22437.77,2018-04-18
ACC3397,CUST1566,BR113,Business,38674.87,2023-10-26
ACC3398,CUST1269,BR117,Savings,45978.89,2021-02-25
ACC3399,CUST1907,BR114,Checking,20390.71,2023-04-27
ACC3400,CUST1683,BR105,Business,43545.86,2023-08-23
ACC3401,CUST1708,BR117,Business,9581.97,2022-01-20
ACC3402,CUST1990,BR103,Checking,46274.93,2022-09-27
ACC3403,CUST1946,BR112,Savings,3844.89,2018-04-01
ACC3404,CUST1765,BR109,Savings,47488.29,2018-05-13
ACC3405,CUST1171,BR101,Checking,42231.84,2018-05-06
ACC3406,CUST1518,BR104,Checking,33582.03,2019-02-28
ACC3407,CUST1614,BR102,Checking,24619.79,2019-05-11
ACC3408,CUST1210,BR109,Savings,20891.56,2024-01-22
ACC3409,CUST1115,BR117,Savings,3141.7,2015-10-10
ACC3410,CUST1389,BR118,Savings,22882.39,2015-11-06
ACC3411,CUST1269,BR105,Savings,23048.17,2022-08-18
ACC3412,CUST1475,BR106,Business,41102.9,2016-01-16
ACC3413,CUST1678,BR117,Business,49215.18,2023-02-09
ACC3414,CUST1765,BR113,Savings,5312.14,2021-08-31
ACC3415,CUST1074,BR112,Savings,9587.86,2024-07-05
ACC3416,CUST1879,BR107,Business,14333.77,2022-01-14
ACC3417,CUST1545,BR104,Checking,15914.86,2015-12-20
ACC3418,CUST1843,BR113,Checking,3565.27,2017-07-23
ACC3419,CUST1265,BR118,Business,2020.39,2024-08-30
ACC3420,CUST1769,BR116,Savings,9186.97,2023-07-19
ACC3421,CUST1084,BR101,Savings,12643.64,2017-08-09
ACC3422,CUST1588,BR114,Savings,11081.86,2022-12-13
ACC3423,CUST1149,BR104,Business,3777.05,2016-08-22
ACC3424,CUST1708,BR110,Checking,44310.26,2019-11-26
ACC3425,CUST1217,BR116,Business,14132.44,2015-02-22
ACC3426,CUST1009,BR120,Business,12459.01,2015-04-24
ACC3427,CUST1794,BR113,Checking,37234.94,2017-05-20
ACC3428,CUST1582,BR107,Business,23349.17,2022-12-05
ACC3429,CUST1415,BR120,Checking,7308.55,2017-02-27
ACC3430,CUST1039,BR118,Savings,25845.65,2016-05-22
ACC3431,CUST1946,BR114,Checking,30156.57,2020-03-05
ACC3432,CUST1165,BR117,Business,38403.74,2021-12-31
ACC3433,CUST1635,BR108,Business,36240.21,2018-05-03
ACC3434,CUST1603,BR104,Checking,28015.28,2021-08-28
ACC3435,CUST1967,BR107,Savings,2636.77,2021-05-03
ACC3436,CUST1425,BR117,Savings,25929.47,2017-08-28
ACC3437,CUST1145,BR109,Checking,36541.62,2021-02-02
ACC3438,CUST1539,BR119,Business,14196.25,2024-11-29
ACC3439,CUST1439,BR111,Savings,23610.51,2020-05-10
ACC3440,CUST1420,BR104,Business,18114.11,2015-10-08
ACC3441,CUST1666,BR120,Savings,29210.94,2021-10-06
ACC3442,CUST1415,BR109,Savings,8066.45,2018-09-14
ACC3443,CUST1816,BR119,Checking,34065.69,2023-01-23
ACC3444,CUST1317,BR104,Checking,28414.34,2022-09-14
ACC3445,CUST1749,BR113,Savings,33456.17,2019-12-31
ACC3446,CUST1207,BR120,Savings,5155.35,2021-09-08
ACC3447,CUST1796,BR105,Checking,29293.27,2020-01-28
ACC3448,CUST1504,BR120,Savings,6524.6,2023-12-20
ACC3449,CUST1363,BR103,Business,1240.18,2018-12-09
ACC3450,CUST1034,BR107,Savings,22811.65,2018-10-14
ACC3451,CUST1183,BR117,Savings,6959.04,2016-07-19
ACC3452,CUST1077,BR103,Savings,9957.95,2025-01-19
ACC3453,CUST1140,BR119,Checking,25404.31,2023-03-27
ACC3454,CUST1256,BR109,Checking,13388.95,2016-07-05
ACC3455,CUST1775,BR116,Savings,35218.54,2020-07-22
ACC3456,CUST1533,BR113,Checking,37570.15,2023-01-03
ACC3457,CUST1962,BR110,Savings,33472.57,2019-04-07
ACC3458,CUST1503,BR107,Business,12139.28,2025-01-03
ACC3459,CUST1135,BR104,Business,30910.1,2024-07-31
ACC3460,CUST1610,BR110,Savings,6340.64,2018-09-01
ACC3461,CUST1403,BR113,Checking,12176.6,2021-02-04
ACC3462,CUST1376,BR103,Savings,28352.41,2017-10-20
ACC3463,CUST1648,BR119,Checking,9798.8,2018-04-21
ACC3464,CUST1700,BR113,Checking,45293.79,2021-07-30
ACC3465,CUST1150,BR110,Checking,1724.58,2020-03-25
ACC3466,CUST1433,BR113,Checking,9222.24,2020-12-19
ACC3467,CUST1880,BR103,Savings,15590.44,2024-09-04
ACC3468,CUST1670,BR107,Business,14469.62,2020-06-03
ACC3469,CUST1562,BR111,Savings,18772.37,2020-04-29
ACC3470,CUST1496,BR103,Savings,16276.42,2023-01-17
ACC3471,CUST1366,BR111,Savings,20145.66,2021-09-19
ACC3472,CUST1929,BR109,Checking,43164.49,2015-08-27
ACC3473,CUST1683,BR102,Checking,24926.89,2016-08-05
ACC3474,CUST1745,BR113,Savings,39436.11,2022-09-21
ACC3475,CUST1624,BR109,Savings,31587.35,2022-10-01
ACC3476,CUST1817,BR104,Savings,28928.02,2023-11-10
ACC3477,CUST1906,BR116,Checking,20653.75,2018-05-13
ACC3478,CUST1012,BR111,Checking,23398.84,2016-11-07
ACC3479,CUST1700,BR101,Checking,28621.47,2021-05-07
ACC3480,CUST1847,BR101,Savings,47091.58,2023-01-12
ACC3481,CUST1645,BR114,Checking,11456.87,2022-04-08
ACC3482,CUST1809,BR119,Checking,38721.68,2021-09-03
ACC3483,CUST1997,BR115,Checking,16564.71,2019-12-21
ACC3484,CUST1864,BR108,Savings,19027.71,2018-10-14
ACC3485,CUST1949,BR101,Savings,23628.09,2016-02-06
ACC3486,CUST1860,BR115,Savings,23027.16,2020-06-24
ACC3487,CUST1747,BR117,Checking,22626.94,2016-12-16
ACC3488,CUST1995,BR115,Checking,5968.37,2019-06-11
ACC3489,CUST1797,BR102,Savings,42046.06,2023-10-16
ACC3490,CUST1008,BR120,Business,43362.42,2019-12-29
ACC3491,CUST1026,BR119,Checking,24919.66,2019-03-19
ACC3492,CUST1106,BR107,Business,16921.01,2020-08-27
ACC3493,CUST1217,BR110,Savings,26317.31,2020-12-20
ACC3494,CUST1133,BR107,Business,19154.47,2019-06-22
ACC3495,CUST1495,BR119,Checking,1138.04,2017-12-29
ACC3496,CUST1706,BR109,Business,45950.88,2016-01-15
ACC3497,CUST1398,BR114,Business,46755.31,2019-09-25
ACC3498,CUST1086,BR112,Savings,29758.44,2017-08-28
ACC3499,CUST1236,BR108,Savings,28232.01,2024-09-14
ACC3500,CUST1531,BR111,Business,19583.51,2017-01-09
